t_lower,sensitivity,specificity,refer_rate,tb_rate,n_tb,n_non_tb,is_locked_default
0.01,0.995,0.40580000000000005,0.348,0.149,100,800,False
0.03,0.985,0.4174,0.344,0.147,100,800,False
0.05,0.975,0.42900000000000005,0.33999999999999997,0.145,100,800,False
0.06999999999999999,0.965,0.4406,0.33599999999999997,0.143,100,800,False
0.09,0.955,0.45220000000000005,0.33199999999999996,0.141,100,800,False
0.11,0.945,0.4638,0.32799999999999996,0.13899999999999998,100,800,False
0.13,0.935,0.47540000000000004,0.32399999999999995,0.13699999999999998,100,800,False
0.15000000000000002,0.925,0.48700000000000004,0.31999999999999995,0.13499999999999998,100,800,False
0.17,0.915,0.49860000000000004,0.31599999999999995,0.133,100,800,False
0.18,0.91,0.5044,0.314,0.132,100,800,True
0.19,0.905,0.5102,0.31199999999999994,0.131,100,800,False
0.21000000000000002,0.895,0.5218,0.30799999999999994,0.129,100,800,False
0.23,0.885,0.5334,0.304,0.127,100,800,False
0.25,0.875,0.545,0.3,0.125,100,800,False
0.27,0.865,0.5566,0.296,0.123,100,800,False
0.29000000000000004,0.855,0.5682,0.292,0.121,100,800,False
0.31,0.845,0.5798,0.288,0.119,100,800,False
0.33,0.835,0.5914,0.284,0.11699999999999999,100,800,False
0.35000000000000003,0.825,0.603,0.27999999999999997,0.11499999999999999,100,800,False
0.37,0.815,0.6146,0.27599999999999997,0.11299999999999999,100,800,False
0.39,0.8049999999999999,0.6262,0.27199999999999996,0.11099999999999999,100,800,False
0.41000000000000003,0.7949999999999999,0.6378,0.26799999999999996,0.10899999999999999,100,800,False
0.43,0.785,0.6494,0.26399999999999996,0.10699999999999998,100,800,False
0.45,0.775,0.661,0.25999999999999995,0.10499999999999998,100,800,False
0.47000000000000003,0.765,0.6726000000000001,0.25599999999999995,0.10299999999999998,100,800,False
0.49,0.755,0.6841999999999999,0.252,0.10099999999999999,100,800,False
0.51,0.745,0.6958,0.24799999999999997,0.09899999999999999,100,800,False
0.53,0.735,0.7074,0.24399999999999997,0.09699999999999999,100,800,False
0.55,0.725,0.7190000000000001,0.23999999999999996,0.09499999999999999,100,800,False
0.5700000000000001,0.715,0.7306,0.23599999999999996,0.09299999999999999,100,800,False
0.59,0.7050000000000001,0.7422,0.23199999999999998,0.091,100,800,False
0.61,0.6950000000000001,0.7538,0.22799999999999998,0.089,100,800,False
0.63,0.685,0.7654000000000001,0.22399999999999998,0.087,100,800,False
0.65,0.675,0.777,0.21999999999999997,0.08499999999999999,100,800,False
0.67,0.665,0.7886,0.21599999999999997,0.08299999999999999,100,800,False
0.6900000000000001,0.655,0.8002,0.21199999999999997,0.08099999999999999,100,800,False
0.7100000000000001,0.645,0.8118000000000001,0.20799999999999996,0.07899999999999999,100,800,False
0.73,0.635,0.8233999999999999,0.204,0.077,100,800,False
0.75,0.625,0.835,0.19999999999999996,0.07499999999999998,100,800,False
0.77,0.615,0.8466,0.19599999999999995,0.07299999999999998,100,800,False
0.79,0.605,0.8582000000000001,0.19199999999999995,0.07099999999999998,100,800,False
0.81,0.595,0.8698,0.18799999999999994,0.06899999999999998,100,800,False
0.8300000000000001,0.585,0.8814,0.18399999999999994,0.06699999999999998,100,800,False
0.85,0.575,0.893,0.17999999999999997,0.06499999999999999,100,800,False
0.87,0.565,0.9046,0.17599999999999996,0.06299999999999999,100,800,False
0.89,0.5549999999999999,0.9162,0.17199999999999996,0.060999999999999985,100,800,False
0.91,0.5449999999999999,0.9278,0.16799999999999995,0.05899999999999998,100,800,False
0.93,0.5349999999999999,0.9394,0.16399999999999995,0.05699999999999998,100,800,False
0.9500000000000001,0.5249999999999999,0.9510000000000001,0.15999999999999995,0.05499999999999998,100,800,False
0.97,0.515,0.9626,0.15599999999999997,0.05299999999999999,100,800,False
0.99,0.505,0.9742,0.15199999999999997,0.05099999999999999,100,800,False
