image_id,split,model_id,p_tb_cal,temperature,t_lower,t_upper,category_pre_link,link_fired,category_final,screen_positive,gate_pass,sanity_pass,n_lesions
dev_0000,development,radino_crop_m0.10_clahe0_bin,0.7337785654440098,1.37,0.18,0.83,REFER,False,REFER,True,True,True,0
dev_0001,development,radino_crop_m0.10_clahe0_bin,0.7869498106625394,1.37,0.18,0.83,REFER,False,REFER,True,True,True,0
dev_0002,development,radino_crop_m0.10_clahe0_bin,0.6628035579753663,1.37,0.18,0.83,REFER,False,REFER,True,True,True,2
dev_0003,development,radino_crop_m0.10_clahe0_bin,0.7863021279712027,1.37,0.18,0.83,REFER,False,REFER,True,True,True,1
dev_0004,development,radino_crop_m0.10_clahe0_bin,0.5816076088010198,1.37,0.18,0.83,REFER,False,REFER,True,True,True,0
dev_0005,development,radino_crop_m0.10_clahe0_bin,0.8050675537124595,1.37,0.18,0.83,REFER,False,REFER,True,True,True,1
dev_0006,development,radino_crop_m0.10_clahe0_bin,0.8714052659846638,1.37,0.18,0.83,TB,False,TB,True,True,True,0
dev_0007,development,radino_crop_m0.10_clahe0_bin,0.8823962360294605,1.37,0.18,0.83,TB,False,TB,True,True,True,0
dev_0008,development,radino_crop_m0.10_clahe0_bin,0.6990161869025784,1.37,0.18,0.83,REFER,False,REFER,True,True,True,0
dev_0009,development,radino_crop_m0.10_clahe0_bin,0.9308247736774358,1.37,0.18,0.83,TB,False,TB,True,True,True,1
dev_0010,development,radino_crop_m0.10_clahe0_bin,0.44592334097893843,1.37,0.18,0.83,REFER,False,REFER,True,True,True,1
dev_0011,development,radino_crop_m0.10_clahe0_bin,0.9004663729085985,1.37,0.18,0.83,TB,False,TB,True,True,True,0
dev_0012,development,radino_crop_m0.10_clahe0_bin,0.5340444783868363,1.37,0.18,0.83,REFER,False,REFER,True,True,True,0
dev_0013,development,radino_crop_m0.10_clahe0_bin,0.8360064466357391,1.37,0.18,0.83,TB,False,TB,True,True,True,0
dev_0014,development,radino_crop_m0.10_clahe0_bin,0.9307963912715596,1.37,0.18,0.83,TB,False,TB,True,True,True,0
dev_0015,development,radino_crop_m0.10_clahe0_bin,0.46049734307815837,1.37,0.18,0.83,REFER,False,REFER,True,True,True,1
dev_0016,development,radino_crop_m0.10_clahe0_bin,0.7769107646207909,1.37,0.18,0.83,REFER,False,REFER,True,True,True,0
dev_0017,development,radino_crop_m0.10_clahe0_bin,0.9168082489496336,1.37,0.18,0.83,TB,False,TB,True,True,True,0
dev_0018,development,radino_crop_m0.10_clahe0_bin,0.696581568596869,1.37,0.18,0.83,REFER,False,REFER,True,True,True,0
dev_0019,development,radino_crop_m0.10_clahe0_bin,0.8512059275347207,1.37,0.18,0.83,TB,False,TB,True,True,True,0
dev_0020,development,radino_crop_m0.10_clahe0_bin,0.8503667400753441,1.37,0.18,0.83,TB,False,TB,True,True,True,0
dev_0021,development,radino_crop_m0.10_clahe0_bin,0.7367877756545004,1.37,0.18,0.83,REFER,False,REFER,True,True,True,0
dev_0022,development,radino_crop_m0.10_clahe0_bin,0.9080691881025805,1.37,0.18,0.83,TB,False,TB,True,True,True,0
dev_0023,development,radino_crop_m0.10_clahe0_bin,0.8388538526975166,1.37,0.18,0.83,TB,False,TB,True,True,True,2
dev_0024,development,radino_crop_m0.10_clahe0_bin,0.7098196967564285,1.37,0.18,0.83,REFER,False,REFER,True,True,True,1
dev_0025,development,radino_crop_m0.10_clahe0_bin,0.959906727835009,1.37,0.18,0.83,TB,False,TB,True,True,True,0
dev_0026,development,radino_crop_m0.10_clahe0_bin,0.9409372081526715,1.37,0.18,0.83,TB,False,TB,True,True,True,0
dev_0027,development,radino_crop_m0.10_clahe0_bin,0.8404728035385967,1.37,0.18,0.83,TB,False,TB,True,True,True,1
dev_0028,development,radino_crop_m0.10_clahe0_bin,0.78651839274738,1.37,0.18,0.83,REFER,False,REFER,True,True,True,0
dev_0029,development,radino_crop_m0.10_clahe0_bin,0.469930384086939,1.37,0.18,0.83,REFER,False,REFER,True,True,True,0
dev_0030,development,radino_crop_m0.10_clahe0_bin,0.900633164573192,1.37,0.18,0.83,TB,False,TB,True,True,True,0
dev_0031,development,radino_crop_m0.10_clahe0_bin,0.6684763217121815,1.37,0.18,0.83,REFER,False,REFER,True,True,True,0
dev_0032,development,radino_crop_m0.10_clahe0_bin,0.7006591775934253,1.37,0.18,0.83,REFER,False,REFER,True,True,True,0
dev_0033,development,radino_crop_m0.10_clahe0_bin,0.8259218590573905,1.37,0.18,0.83,REFER,False,REFER,True,True,True,0
dev_0034,development,radino_crop_m0.10_clahe0_bin,0.8102011531915496,1.37,0.18,0.83,REFER,False,REFER,True,True,True,0
dev_0035,development,radino_crop_m0.10_clahe0_bin,0.485616498412223,1.37,0.18,0.83,REFER,False,REFER,True,True,True,0
dev_0036,development,radino_crop_m0.10_clahe0_bin,0.48182681967432217,1.37,0.18,0.83,REFER,False,REFER,True,True,True,0
dev_0037,development,radino_crop_m0.10_clahe0_bin,0.6076277258805878,1.37,0.18,0.83,REFER,False,REFER,True,True,True,1
dev_0038,development,radino_crop_m0.10_clahe0_bin,0.7597769181785448,1.37,0.18,0.83,REFER,False,REFER,True,True,True,0
dev_0039,development,radino_crop_m0.10_clahe0_bin,0.7684248999647704,1.37,0.18,0.83,REFER,False,REFER,True,True,True,0
dev_0040,development,radino_crop_m0.10_clahe0_bin,0.7926342993743071,1.37,0.18,0.83,REFER,False,REFER,True,True,True,0
dev_0041,development,radino_crop_m0.10_clahe0_bin,0.7956499044022204,1.37,0.18,0.83,REFER,False,REFER,True,True,True,0
dev_0042,development,radino_crop_m0.10_clahe0_bin,0.5541821058223914,1.37,0.18,0.83,REFER,False,REFER,True,True,True,0
dev_0043,development,radino_crop_m0.10_clahe0_bin,0.5218285813522544,1.37,0.18,0.83,REFER,False,REFER,True,True,True,0
dev_0044,development,radino_crop_m0.10_clahe0_bin,0.6873980016128158,1.37,0.18,0.83,REFER,False,REFER,True,True,True,1
dev_0045,development,radino_crop_m0.10_clahe0_bin,0.8185800585870777,1.37,0.18,0.83,REFER,False,REFER,True,True,True,1
dev_0046,development,radino_crop_m0.10_clahe0_bin,0.4696808144228353,1.37,0.18,0.83,REFER,False,REFER,True,True,True,0
dev_0047,development,radino_crop_m0.10_clahe0_bin,0.8534580432164561,1.37,0.18,0.83,TB,False,TB,True,True,True,0
dev_0048,development,radino_crop_m0.10_clahe0_bin,0.7301185339257034,1.37,0.18,0.83,REFER,False,REFER,True,True,True,0
dev_0049,development,radino_crop_m0.10_clahe0_bin,0.5954615317723595,1.37,0.18,0.83,REFER,False,REFER,True,True,True,0
dev_0050,development,radino_crop_m0.10_clahe0_bin,0.6727530458833552,1.37,0.18,0.83,REFER,False,REFER,True,True,True,1
dev_0051,development,radino_crop_m0.10_clahe0_bin,0.9261538121686116,1.37,0.18,0.83,TB,False,TB,True,True,True,0
dev_0052,development,radino_crop_m0.10_clahe0_bin,0.9348322651746152,1.37,0.18,0.83,TB,False,TB,True,True,True,0
dev_0053,development,radino_crop_m0.10_clahe0_bin,0.5936788080749954,1.37,0.18,0.83,REFER,False,REFER,True,True,True,0
dev_0054,development,radino_crop_m0.10_clahe0_bin,0.7493306845308099,1.37,0.18,0.83,REFER,False,REFER,True,True,True,0
dev_0055,development,radino_crop_m0.10_clahe0_bin,0.8805755095641028,1.37,0.18,0.83,TB,False,TB,True,True,True,0
dev_0056,development,radino_crop_m0.10_clahe0_bin,0.7044929897336485,1.37,0.18,0.83,REFER,False,REFER,True,True,True,0
dev_0057,development,radino_crop_m0.10_clahe0_bin,0.5698769176452791,1.37,0.18,0.83,REFER,False,REFER,True,True,True,1
dev_0058,development,radino_crop_m0.10_clahe0_bin,0.5815211211324968,1.37,0.18,0.83,REFER,False,REFER,True,True,True,0
dev_0059,development,radino_crop_m0.10_clahe0_bin,0.42327226825062275,1.37,0.18,0.83,REFER,False,REFER,True,True,True,1
dev_0060,development,radino_crop_m0.10_clahe0_bin,0.05594372280489236,1.37,0.18,0.83,NOT_TB,False,NOT_TB,False,True,True,0
dev_0061,development,radino_crop_m0.10_clahe0_bin,0.25645506240985033,1.37,0.18,0.83,REFER,False,REFER,True,True,True,0
dev_0062,development,radino_crop_m0.10_clahe0_bin,0.5633969423080548,1.37,0.18,0.83,REFER,False,REFER,True,True,True,0
dev_0063,development,radino_crop_m0.10_clahe0_bin,0.517293765550537,1.37,0.18,0.83,REFER,False,REFER,True,True,True,1
dev_0064,development,radino_crop_m0.10_clahe0_bin,0.2200226997162476,1.37,0.18,0.83,REFER,False,REFER,True,True,True,0
dev_0065,development,radino_crop_m0.10_clahe0_bin,0.34624360884017497,1.37,0.18,0.83,REFER,False,REFER,True,True,True,0
dev_0066,development,radino_crop_m0.10_clahe0_bin,0.06800383016345368,1.37,0.18,0.83,NOT_TB,False,NOT_TB,False,True,True,0
dev_0067,development,radino_crop_m0.10_clahe0_bin,0.1603086367054837,1.37,0.18,0.83,NOT_TB,False,NOT_TB,False,True,True,0
dev_0068,development,radino_crop_m0.10_clahe0_bin,0.16813925112383185,1.37,0.18,0.83,NOT_TB,False,NOT_TB,False,True,True,0
dev_0069,development,radino_crop_m0.10_clahe0_bin,0.5184228141556276,1.37,0.18,0.83,REFER,False,REFER,True,True,True,1
dev_0070,development,radino_crop_m0.10_clahe0_bin,0.36899004974553534,1.37,0.18,0.83,REFER,False,REFER,True,True,True,2
dev_0071,development,radino_crop_m0.10_clahe0_bin,0.38410875685670687,1.37,0.18,0.83,REFER,False,REFER,True,True,True,0
dev_0072,development,radino_crop_m0.10_clahe0_bin,0.2618843227667265,1.37,0.18,0.83,REFER,False,REFER,True,True,True,2
dev_0073,development,radino_crop_m0.10_clahe0_bin,0.10437681201712187,1.37,0.18,0.83,NOT_TB,False,NOT_TB,False,True,True,0
dev_0074,development,radino_crop_m0.10_clahe0_bin,0.31913947910378554,1.37,0.18,0.83,REFER,False,REFER,True,True,True,0
dev_0075,development,radino_crop_m0.10_clahe0_bin,0.29353437664181703,1.37,0.18,0.83,REFER,False,REFER,True,True,True,2
dev_0076,development,radino_crop_m0.10_clahe0_bin,0.383551202187795,1.37,0.18,0.83,REFER,False,REFER,True,True,True,0
dev_0077,development,radino_crop_m0.10_clahe0_bin,0.3097294117821079,1.37,0.18,0.83,REFER,False,REFER,True,True,True,0
dev_0078,development,radino_crop_m0.10_clahe0_bin,0.39167437582145337,1.37,0.18,0.83,REFER,False,REFER,True,True,True,0
dev_0079,development,radino_crop_m0.10_clahe0_bin,0.3145824254431187,1.37,0.18,0.83,REFER,False,REFER,True,True,True,0
dev_0080,development,radino_crop_m0.10_clahe0_bin,0.20427567552662076,1.37,0.18,0.83,REFER,False,REFER,True,True,True,0
dev_0081,development,radino_crop_m0.10_clahe0_bin,0.1451126679265933,1.37,0.18,0.83,NOT_TB,False,NOT_TB,False,True,True,0
dev_0082,development,radino_crop_m0.10_clahe0_bin,0.2424535680543467,1.37,0.18,0.83,REFER,False,REFER,True,True,True,0
dev_0083,development,radino_crop_m0.10_clahe0_bin,0.2422948461721375,1.37,0.18,0.83,REFER,False,REFER,True,True,True,0
dev_0084,development,radino_crop_m0.10_clahe0_bin,0.16514243201604734,1.37,0.18,0.83,NOT_TB,False,NOT_TB,False,True,True,0
dev_0085,development,radino_crop_m0.10_clahe0_bin,0.3960326477899543,1.37,0.18,0.83,REFER,False,REFER,True,True,True,0
dev_0086,development,radino_crop_m0.10_clahe0_bin,0.17372847931460536,1.37,0.18,0.83,NOT_TB,False,NOT_TB,False,True,True,0
dev_0087,development,radino_crop_m0.10_clahe0_bin,0.39972308465097467,1.37,0.18,0.83,REFER,False,REFER,True,True,True,0
dev_0088,development,radino_crop_m0.10_clahe0_bin,0.06961914193909771,1.37,0.18,0.83,NOT_TB,True,REFER,True,True,True,1
dev_0089,development,radino_crop_m0.10_clahe0_bin,0.34655977306936725,1.37,0.18,0.83,REFER,False,REFER,True,True,True,0
dev_0090,development,radino_crop_m0.10_clahe0_bin,0.17224837701932652,1.37,0.18,0.83,NOT_TB,True,REFER,True,True,True,2
dev_0091,development,radino_crop_m0.10_clahe0_bin,0.47694180978880596,1.37,0.18,0.83,REFER,False,REFER,True,True,True,0
dev_0092,development,radino_crop_m0.10_clahe0_bin,0.6402142288915466,1.37,0.18,0.83,REFER,False,REFER,True,True,True,0
dev_0093,development,radino_crop_m0.10_clahe0_bin,0.3800388599296793,1.37,0.18,0.83,REFER,False,REFER,True,True,True,1
dev_0094,development,radino_crop_m0.10_clahe0_bin,0.4176373183479072,1.37,0.18,0.83,REFER,False,REFER,True,True,True,1
dev_0095,development,radino_crop_m0.10_clahe0_bin,0.32741162801653123,1.37,0.18,0.83,REFER,False,REFER,True,True,True,1
dev_0096,development,radino_crop_m0.10_clahe0_bin,0.5726624138603177,1.37,0.18,0.83,REFER,False,REFER,True,True,True,0
dev_0097,development,radino_crop_m0.10_clahe0_bin,0.4121758786177456,1.37,0.18,0.83,REFER,False,REFER,True,True,True,0
dev_0098,development,radino_crop_m0.10_clahe0_bin,0.046644826943817046,1.37,0.18,0.83,NOT_TB,False,NOT_TB,False,True,True,0
dev_0099,development,radino_crop_m0.10_clahe0_bin,0.6647848411081523,1.37,0.18,0.83,REFER,False,REFER,True,True,True,0
dev_0100,development,radino_crop_m0.10_clahe0_bin,0.39013185582326093,1.37,0.18,0.83,REFER,False,REFER,True,True,True,0
dev_0101,development,radino_crop_m0.10_clahe0_bin,0.2133738313027509,1.37,0.18,0.83,REFER,False,REFER,True,True,True,0
dev_0102,development,radino_crop_m0.10_clahe0_bin,0.4982684835307338,1.37,0.18,0.83,REFER,False,REFER,True,True,True,1
dev_0103,development,radino_crop_m0.10_clahe0_bin,0.1949168468129274,1.37,0.18,0.83,REFER,False,REFER,True,True,True,0
dev_0104,development,radino_crop_m0.10_clahe0_bin,0.36243095594205055,1.37,0.18,0.83,REFER,False,REFER,True,True,True,0
dev_0105,development,radino_crop_m0.10_clahe0_bin,0.1780069705397858,1.37,0.18,0.83,NOT_TB,True,REFER,True,True,True,1
dev_0106,development,radino_crop_m0.10_clahe0_bin,0.06284063375941136,1.37,0.18,0.83,NOT_TB,False,NOT_TB,False,True,True,0
dev_0107,development,radino_crop_m0.10_clahe0_bin,0.45449593200310945,1.37,0.18,0.83,REFER,False,REFER,True,True,True,0
dev_0108,development,radino_crop_m0.10_clahe0_bin,0.2415749902057113,1.37,0.18,0.83,REFER,False,REFER,True,True,True,0
dev_0109,development,radino_crop_m0.10_clahe0_bin,0.0723702950964279,1.37,0.18,0.83,NOT_TB,False,NOT_TB,False,True,True,0
dev_0110,development,radino_crop_m0.10_clahe0_bin,0.4265337317795119,1.37,0.18,0.83,REFER,False,REFER,True,True,True,0
dev_0111,development,radino_crop_m0.10_clahe0_bin,0.42234222987065667,1.37,0.18,0.83,REFER,False,REFER,True,True,True,1
dev_0112,development,radino_crop_m0.10_clahe0_bin,0.08528787971174946,1.37,0.18,0.83,NOT_TB,False,NOT_TB,False,True,True,0
dev_0113,development,radino_crop_m0.10_clahe0_bin,0.25494467316801167,1.37,0.18,0.83,REFER,False,REFER,True,True,True,0
dev_0114,development,radino_crop_m0.10_clahe0_bin,0.019580303343989348,1.37,0.18,0.83,NOT_TB,False,NOT_TB,False,True,True,0
dev_0115,development,radino_crop_m0.10_clahe0_bin,0.040919976733404015,1.37,0.18,0.83,NOT_TB,False,NOT_TB,False,True,True,0
dev_0116,development,radino_crop_m0.10_clahe0_bin,0.6455939392777571,1.37,0.18,0.83,REFER,False,REFER,True,True,True,1
dev_0117,development,radino_crop_m0.10_clahe0_bin,0.32452049670812216,1.37,0.18,0.83,REFER,False,REFER,True,True,True,0
dev_0118,development,radino_crop_m0.10_clahe0_bin,0.3045227147894885,1.37,0.18,0.83,REFER,False,REFER,True,True,True,0
dev_0119,development,radino_crop_m0.10_clahe0_bin,0.23481726937447128,1.37,0.18,0.83,REFER,False,REFER,True,True,True,0
dev_0120,development,radino_crop_m0.10_clahe0_bin,0.24319217506855847,1.37,0.18,0.83,REFER,False,REFER,True,True,True,0
dev_0121,development,radino_crop_m0.10_clahe0_bin,0.698435633321694,1.37,0.18,0.83,REFER,False,REFER,True,True,True,0
dev_0122,development,radino_crop_m0.10_clahe0_bin,0.21240281044333834,1.37,0.18,0.83,REFER,False,REFER,True,True,True,0
dev_0123,development,radino_crop_m0.10_clahe0_bin,0.3249570612759283,1.37,0.18,0.83,REFER,False,REFER,True,True,True,1
dev_0124,development,radino_crop_m0.10_clahe0_bin,0.20412418324387846,1.37,0.18,0.83,REFER,False,REFER,True,True,True,1
dev_0125,development,radino_crop_m0.10_clahe0_bin,0.28608914077978537,1.37,0.18,0.83,REFER,False,REFER,True,True,True,0
dev_0126,development,radino_crop_m0.10_clahe0_bin,0.49821856898840694,1.37,0.18,0.83,REFER,False,REFER,True,True,True,1
dev_0127,development,radino_crop_m0.10_clahe0_bin,0.13382754533793623,1.37,0.18,0.83,NOT_TB,False,NOT_TB,False,True,True,0
dev_0128,development,radino_crop_m0.10_clahe0_bin,0.31972746776115024,1.37,0.18,0.83,REFER,False,REFER,True,True,True,0
dev_0129,development,radino_crop_m0.10_clahe0_bin,0.21950681386408444,1.37,0.18,0.83,REFER,False,REFER,True,True,True,0
dev_0130,development,radino_crop_m0.10_clahe0_bin,0.13018016498263962,1.37,0.18,0.83,NOT_TB,True,REFER,True,True,True,1
dev_0131,development,radino_crop_m0.10_clahe0_bin,0.36431197663867376,1.37,0.18,0.83,REFER,False,REFER,True,True,True,0
dev_0132,development,radino_crop_m0.10_clahe0_bin,0.22971272969772763,1.37,0.18,0.83,REFER,False,REFER,True,True,True,1
dev_0133,development,radino_crop_m0.10_clahe0_bin,0.4821161304002319,1.37,0.18,0.83,REFER,False,REFER,True,True,True,0
dev_0134,development,radino_crop_m0.10_clahe0_bin,0.06438626223445071,1.37,0.18,0.83,NOT_TB,False,NOT_TB,False,True,True,0
dev_0135,development,radino_crop_m0.10_clahe0_bin,0.24332567303245106,1.37,0.18,0.83,REFER,False,REFER,True,True,True,0
dev_0136,development,radino_crop_m0.10_clahe0_bin,0.3615629779041868,1.37,0.18,0.83,REFER,False,REFER,True,True,True,0
dev_0137,development,radino_crop_m0.10_clahe0_bin,0.3243669873401165,1.37,0.18,0.83,REFER,False,REFER,True,True,True,0
dev_0138,development,radino_crop_m0.10_clahe0_bin,0.21152592607626364,1.37,0.18,0.83,REFER,False,REFER,True,True,True,0
dev_0139,development,radino_crop_m0.10_clahe0_bin,0.31755077660333186,1.37,0.18,0.83,REFER,False,REFER,True,True,True,0
dev_0140,development,radino_crop_m0.10_clahe0_bin,0.1547581276372509,1.37,0.18,0.83,NOT_TB,True,REFER,True,True,True,1
dev_0141,development,radino_crop_m0.10_clahe0_bin,0.385304748309877,1.37,0.18,0.83,REFER,False,REFER,True,True,True,0
dev_0142,development,radino_crop_m0.10_clahe0_bin,0.08383220525989088,1.37,0.18,0.83,NOT_TB,False,NOT_TB,False,True,True,0
dev_0143,development,radino_crop_m0.10_clahe0_bin,0.26448761162237894,1.37,0.18,0.83,REFER,False,REFER,True,True,True,0
dev_0144,development,radino_crop_m0.10_clahe0_bin,0.0314981796207137,1.37,0.18,0.83,NOT_TB,False,NOT_TB,False,True,True,0
dev_0145,development,radino_crop_m0.10_clahe0_bin,0.19542815285223678,1.37,0.18,0.83,REFER,False,REFER,True,True,True,0
dev_0146,development,radino_crop_m0.10_clahe0_bin,0.6081872637161226,1.37,0.18,0.83,REFER,False,REFER,True,True,True,0
dev_0147,development,radino_crop_m0.10_clahe0_bin,0.15740764086616038,1.37,0.18,0.83,NOT_TB,False,NOT_TB,False,True,True,0
dev_0148,development,radino_crop_m0.10_clahe0_bin,0.10329649102236896,1.37,0.18,0.83,NOT_TB,False,NOT_TB,False,True,True,0
dev_0149,development,radino_crop_m0.10_clahe0_bin,0.06481431801677565,1.37,0.18,0.83,NOT_TB,False,NOT_TB,False,True,True,0
dev_0150,development,radino_crop_m0.10_clahe0_bin,0.2608170490660119,1.37,0.18,0.83,REFER,False,REFER,True,True,True,0
dev_0151,development,radino_crop_m0.10_clahe0_bin,0.15766762914267668,1.37,0.18,0.83,NOT_TB,True,REFER,True,True,True,1
dev_0152,development,radino_crop_m0.10_clahe0_bin,0.31190278882864647,1.37,0.18,0.83,REFER,False,REFER,True,True,True,0
dev_0153,development,radino_crop_m0.10_clahe0_bin,0.15121525779737024,1.37,0.18,0.83,NOT_TB,False,NOT_TB,False,True,True,0
dev_0154,development,radino_crop_m0.10_clahe0_bin,0.16145331963779225,1.37,0.18,0.83,NOT_TB,False,NOT_TB,False,True,True,0
dev_0155,development,radino_crop_m0.10_clahe0_bin,0.1278537326882817,1.37,0.18,0.83,NOT_TB,False,NOT_TB,False,True,True,0
dev_0156,development,radino_crop_m0.10_clahe0_bin,0.22269796204415873,1.37,0.18,0.83,REFER,False,REFER,True,True,True,0
dev_0157,development,radino_crop_m0.10_clahe0_bin,0.40179973921733675,1.37,0.18,0.83,REFER,False,REFER,True,True,True,1
dev_0158,development,radino_crop_m0.10_clahe0_bin,0.2935269664410496,1.37,0.18,0.83,REFER,False,REFER,True,True,True,0
dev_0159,development,radino_crop_m0.10_clahe0_bin,0.3487838623908723,1.37,0.18,0.83,REFER,False,REFER,True,True,True,2
dev_0160,development,radino_crop_m0.10_clahe0_bin,0.47306515481018646,1.37,0.18,0.83,REFER,False,REFER,True,True,True,1
dev_0161,development,radino_crop_m0.10_clahe0_bin,0.24962776521910499,1.37,0.18,0.83,REFER,False,REFER,True,True,True,0
dev_0162,development,radino_crop_m0.10_clahe0_bin,0.20723877248007425,1.37,0.18,0.83,REFER,False,REFER,True,True,True,0
dev_0163,development,radino_crop_m0.10_clahe0_bin,0.13311418244003032,1.37,0.18,0.83,NOT_TB,False,NOT_TB,False,True,True,0
dev_0164,development,radino_crop_m0.10_clahe0_bin,0.20771573939751464,1.37,0.18,0.83,REFER,False,REFER,True,True,True,0
dev_0165,development,radino_crop_m0.10_clahe0_bin,0.078108769174329,1.37,0.18,0.83,NOT_TB,False,NOT_TB,False,True,True,0
dev_0166,development,radino_crop_m0.10_clahe0_bin,0.20680495095654589,1.37,0.18,0.83,REFER,False,REFER,True,True,True,0
dev_0167,development,radino_crop_m0.10_clahe0_bin,0.31834754588197706,1.37,0.18,0.83,REFER,False,REFER,True,True,True,1
dev_0168,development,radino_crop_m0.10_clahe0_bin,0.43501602434999387,1.37,0.18,0.83,REFER,False,REFER,True,True,True,0
dev_0169,development,radino_crop_m0.10_clahe0_bin,0.5617234455493484,1.37,0.18,0.83,REFER,False,REFER,True,True,True,2
dev_0170,development,radino_crop_m0.10_clahe0_bin,0.48629122202306707,1.37,0.18,0.83,REFER,False,REFER,True,True,True,0
dev_0171,development,radino_crop_m0.10_clahe0_bin,0.31098370511160467,1.37,0.18,0.83,REFER,False,REFER,True,True,True,0
dev_0172,development,radino_crop_m0.10_clahe0_bin,0.22404170182710959,1.37,0.18,0.83,REFER,False,REFER,True,True,True,1
dev_0173,development,radino_crop_m0.10_clahe0_bin,0.1649993537801355,1.37,0.18,0.83,NOT_TB,True,REFER,True,True,True,1
dev_0174,development,radino_crop_m0.10_clahe0_bin,0.133300511091368,1.37,0.18,0.83,NOT_TB,False,NOT_TB,False,True,True,0
dev_0175,development,radino_crop_m0.10_clahe0_bin,0.15742303028891744,1.37,0.18,0.83,NOT_TB,False,NOT_TB,False,True,True,0
dev_0176,development,radino_crop_m0.10_clahe0_bin,0.3598966687839146,1.37,0.18,0.83,REFER,False,REFER,True,True,True,1
dev_0177,development,radino_crop_m0.10_clahe0_bin,0.3865442249983937,1.37,0.18,0.83,REFER,False,REFER,True,True,True,0
dev_0178,development,radino_crop_m0.10_clahe0_bin,0.2059110131014214,1.37,0.18,0.83,REFER,False,REFER,True,True,True,1
dev_0179,development,radino_crop_m0.10_clahe0_bin,0.6741850390526495,1.37,0.18,0.83,REFER,False,REFER,True,True,True,1
dev_0180,development,radino_crop_m0.10_clahe0_bin,0.4066171796969748,1.37,0.18,0.83,REFER,False,REFER,True,True,True,2
dev_0181,development,radino_crop_m0.10_clahe0_bin,0.5119313130146483,1.37,0.18,0.83,REFER,False,REFER,True,True,True,0
dev_0182,development,radino_crop_m0.10_clahe0_bin,0.2823612623048265,1.37,0.18,0.83,REFER,False,REFER,True,True,True,0
dev_0183,development,radino_crop_m0.10_clahe0_bin,0.6085166699163989,1.37,0.18,0.83,REFER,False,REFER,True,True,True,0
dev_0184,development,radino_crop_m0.10_clahe0_bin,0.3083868929903523,1.37,0.18,0.83,REFER,False,REFER,True,True,True,0
dev_0185,development,radino_crop_m0.10_clahe0_bin,0.10530150527535626,1.37,0.18,0.83,NOT_TB,False,NOT_TB,False,True,True,0
dev_0186,development,radino_crop_m0.10_clahe0_bin,0.44080824661255996,1.37,0.18,0.83,REFER,False,REFER,True,True,True,0
dev_0187,development,radino_crop_m0.10_clahe0_bin,0.21300927668374642,1.37,0.18,0.83,REFER,False,REFER,True,True,True,0
dev_0188,development,radino_crop_m0.10_clahe0_bin,0.5093278176124452,1.37,0.18,0.83,REFER,False,REFER,True,True,True,0
dev_0189,development,radino_crop_m0.10_clahe0_bin,0.366495634221894,1.37,0.18,0.83,REFER,False,REFER,True,True,True,0
dev_0190,development,radino_crop_m0.10_clahe0_bin,0.41746419840423354,1.37,0.18,0.83,REFER,False,REFER,True,True,True,0
dev_0191,development,radino_crop_m0.10_clahe0_bin,0.3254742405004772,1.37,0.18,0.83,REFER,False,REFER,True,True,True,0
dev_0192,development,radino_crop_m0.10_clahe0_bin,0.270204804490168,1.37,0.18,0.83,REFER,False,REFER,True,True,True,1
dev_0193,development,radino_crop_m0.10_clahe0_bin,0.4020485482175885,1.37,0.18,0.83,REFER,False,REFER,True,True,True,0
dev_0194,development,radino_crop_m0.10_clahe0_bin,0.2571271031526949,1.37,0.18,0.83,REFER,False,REFER,True,True,True,1
dev_0195,development,radino_crop_m0.10_clahe0_bin,0.2628420391564852,1.37,0.18,0.83,REFER,False,REFER,True,True,True,0
dev_0196,development,radino_crop_m0.10_clahe0_bin,0.10066226110540206,1.37,0.18,0.83,NOT_TB,False,NOT_TB,False,True,True,0
dev_0197,development,radino_crop_m0.10_clahe0_bin,0.43286515417805504,1.37,0.18,0.83,REFER,False,REFER,True,True,True,0
dev_0198,development,radino_crop_m0.10_clahe0_bin,0.06996501590504346,1.37,0.18,0.83,NOT_TB,True,REFER,True,True,True,2
dev_0199,development,radino_crop_m0.10_clahe0_bin,0.4771277347423122,1.37,0.18,0.83,REFER,False,REFER,True,True,True,0
dev_0200,development,radino_crop_m0.10_clahe0_bin,0.13815035933780653,1.37,0.18,0.83,NOT_TB,False,NOT_TB,False,True,True,0
dev_0201,development,radino_crop_m0.10_clahe0_bin,0.15349596194427256,1.37,0.18,0.83,NOT_TB,True,REFER,True,True,True,2
dev_0202,development,radino_crop_m0.10_clahe0_bin,0.3189461338061991,1.37,0.18,0.83,REFER,False,REFER,True,True,True,0
dev_0203,development,radino_crop_m0.10_clahe0_bin,0.21609157779356908,1.37,0.18,0.83,REFER,False,REFER,True,True,True,1
dev_0204,development,radino_crop_m0.10_clahe0_bin,0.4227141128506797,1.37,0.18,0.83,REFER,False,REFER,True,True,True,0
dev_0205,development,radino_crop_m0.10_clahe0_bin,0.3009134648963104,1.37,0.18,0.83,REFER,False,REFER,True,True,True,1
dev_0206,development,radino_crop_m0.10_clahe0_bin,0.28002476971175205,1.37,0.18,0.83,REFER,False,REFER,True,True,True,1
dev_0207,development,radino_crop_m0.10_clahe0_bin,0.35419277775302044,1.37,0.18,0.83,REFER,False,REFER,True,True,True,0
dev_0208,development,radino_crop_m0.10_clahe0_bin,0.4112035039376239,1.37,0.18,0.83,REFER,False,REFER,True,True,True,1
dev_0209,development,radino_crop_m0.10_clahe0_bin,0.6291303473522002,1.37,0.18,0.83,REFER,False,REFER,True,True,True,0
dev_0210,development,radino_crop_m0.10_clahe0_bin,0.30409475003197656,1.37,0.18,0.83,REFER,False,REFER,True,True,True,1
dev_0211,development,radino_crop_m0.10_clahe0_bin,0.30700066206072824,1.37,0.18,0.83,REFER,False,REFER,True,True,True,0
dev_0212,development,radino_crop_m0.10_clahe0_bin,0.2964595730821253,1.37,0.18,0.83,REFER,False,REFER,True,True,True,0
dev_0213,development,radino_crop_m0.10_clahe0_bin,0.24563254745192278,1.37,0.18,0.83,REFER,False,REFER,True,True,True,0
dev_0214,development,radino_crop_m0.10_clahe0_bin,0.15631376506017247,1.37,0.18,0.83,NOT_TB,False,NOT_TB,False,True,True,0
dev_0215,development,radino_crop_m0.10_clahe0_bin,0.3049427821470286,1.37,0.18,0.83,REFER,False,REFER,True,True,True,2
dev_0216,development,radino_crop_m0.10_clahe0_bin,0.7118197193134601,1.37,0.18,0.83,REFER,False,REFER,True,True,True,0
dev_0217,development,radino_crop_m0.10_clahe0_bin,0.4575082698390667,1.37,0.18,0.83,REFER,False,REFER,True,True,True,1
dev_0218,development,radino_crop_m0.10_clahe0_bin,0.3567862395973144,1.37,0.18,0.83,REFER,False,REFER,True,True,True,0
dev_0219,development,radino_crop_m0.10_clahe0_bin,0.2739856538027474,1.37,0.18,0.83,REFER,False,REFER,True,True,True,1
dev_0220,development,radino_crop_m0.10_clahe0_bin,0.5299276209320337,1.37,0.18,0.83,REFER,False,REFER,True,True,True,1
dev_0221,development,radino_crop_m0.10_clahe0_bin,0.20427250549159315,1.37,0.18,0.83,REFER,False,REFER,True,True,True,0
dev_0222,development,radino_crop_m0.10_clahe0_bin,0.4281424563419642,1.37,0.18,0.83,REFER,False,REFER,True,True,True,0
dev_0223,development,radino_crop_m0.10_clahe0_bin,0.4925878751202073,1.37,0.18,0.83,REFER,False,REFER,True,True,True,2
dev_0224,development,radino_crop_m0.10_clahe0_bin,0.09775528180694093,1.37,0.18,0.83,NOT_TB,False,NOT_TB,False,True,True,0
dev_0225,development,radino_crop_m0.10_clahe0_bin,0.07423661152459948,1.37,0.18,0.83,NOT_TB,False,NOT_TB,False,True,True,0
dev_0226,development,radino_crop_m0.10_clahe0_bin,0.09807558897058746,1.37,0.18,0.83,NOT_TB,True,REFER,True,True,True,2
dev_0227,development,radino_crop_m0.10_clahe0_bin,0.10458292696373497,1.37,0.18,0.83,NOT_TB,True,REFER,True,True,True,1
dev_0228,development,radino_crop_m0.10_clahe0_bin,0.15402543806224303,1.37,0.18,0.83,NOT_TB,False,NOT_TB,False,True,True,0
dev_0229,development,radino_crop_m0.10_clahe0_bin,0.264997243434842,1.37,0.18,0.83,REFER,False,REFER,True,True,True,0
dev_0230,development,radino_crop_m0.10_clahe0_bin,0.05475985383497927,1.37,0.18,0.83,NOT_TB,False,NOT_TB,False,True,True,0
dev_0231,development,radino_crop_m0.10_clahe0_bin,0.5506257368579968,1.37,0.18,0.83,REFER,False,REFER,True,True,True,1
dev_0232,development,radino_crop_m0.10_clahe0_bin,0.056574272709098074,1.37,0.18,0.83,NOT_TB,False,NOT_TB,False,True,True,0
dev_0233,development,radino_crop_m0.10_clahe0_bin,0.014767130276819035,1.37,0.18,0.83,NOT_TB,False,NOT_TB,False,True,True,0
dev_0234,development,radino_crop_m0.10_clahe0_bin,0.29742954196731963,1.37,0.18,0.83,REFER,False,REFER,True,True,True,0
dev_0235,development,radino_crop_m0.10_clahe0_bin,0.36319448286297223,1.37,0.18,0.83,REFER,False,REFER,True,True,True,0
dev_0236,development,radino_crop_m0.10_clahe0_bin,0.26988596301681295,1.37,0.18,0.83,REFER,False,REFER,True,True,True,1
dev_0237,development,radino_crop_m0.10_clahe0_bin,0.5107792215705458,1.37,0.18,0.83,REFER,False,REFER,True,True,True,0
dev_0238,development,radino_crop_m0.10_clahe0_bin,0.430145553305604,1.37,0.18,0.83,REFER,False,REFER,True,True,True,0
dev_0239,development,radino_crop_m0.10_clahe0_bin,0.34428632080459093,1.37,0.18,0.83,REFER,False,REFER,True,True,True,0
dev_0240,development,radino_crop_m0.10_clahe0_bin,0.08849029137690936,1.37,0.18,0.83,NOT_TB,True,REFER,True,True,True,1
dev_0241,development,radino_crop_m0.10_clahe0_bin,0.2584739988049921,1.37,0.18,0.83,REFER,False,REFER,True,True,True,0
dev_0242,development,radino_crop_m0.10_clahe0_bin,0.15589266620530973,1.37,0.18,0.83,NOT_TB,True,REFER,True,True,True,1
dev_0243,development,radino_crop_m0.10_clahe0_bin,0.14062096469473495,1.37,0.18,0.83,NOT_TB,False,NOT_TB,False,True,True,0
dev_0244,development,radino_crop_m0.10_clahe0_bin,0.11867580492738337,1.37,0.18,0.83,NOT_TB,True,REFER,True,True,True,1
dev_0245,development,radino_crop_m0.10_clahe0_bin,0.23751220414988802,1.37,0.18,0.83,REFER,False,REFER,True,True,True,0
dev_0246,development,radino_crop_m0.10_clahe0_bin,0.2731986326060986,1.37,0.18,0.83,REFER,False,REFER,True,True,True,0
dev_0247,development,radino_crop_m0.10_clahe0_bin,0.10512096635189434,1.37,0.18,0.83,NOT_TB,False,NOT_TB,False,True,True,0
dev_0248,development,radino_crop_m0.10_clahe0_bin,0.7896938182999746,1.37,0.18,0.83,REFER,False,REFER,True,True,True,0
dev_0249,development,radino_crop_m0.10_clahe0_bin,0.23943267960021897,1.37,0.18,0.83,REFER,False,REFER,True,True,True,0
dev_0250,development,radino_crop_m0.10_clahe0_bin,0.28815150414534973,1.37,0.18,0.83,REFER,False,REFER,True,True,True,0
dev_0251,development,radino_crop_m0.10_clahe0_bin,0.18806871375307765,1.37,0.18,0.83,REFER,False,REFER,True,True,True,0
dev_0252,development,radino_crop_m0.10_clahe0_bin,0.13822382120141943,1.37,0.18,0.83,NOT_TB,False,NOT_TB,False,True,True,0
dev_0253,development,radino_crop_m0.10_clahe0_bin,0.38021709522350394,1.37,0.18,0.83,REFER,False,REFER,True,True,True,0
dev_0254,development,radino_crop_m0.10_clahe0_bin,0.1729292273589613,1.37,0.18,0.83,NOT_TB,False,NOT_TB,False,True,True,0
dev_0255,development,radino_crop_m0.10_clahe0_bin,0.17470736483180024,1.37,0.18,0.83,NOT_TB,True,REFER,True,True,True,2
dev_0256,development,radino_crop_m0.10_clahe0_bin,0.1310896255153634,1.37,0.18,0.83,NOT_TB,False,NOT_TB,False,True,True,0
dev_0257,development,radino_crop_m0.10_clahe0_bin,0.4581408890065249,1.37,0.18,0.83,REFER,False,REFER,True,True,True,1
dev_0258,development,radino_crop_m0.10_clahe0_bin,0.2380445270802425,1.37,0.18,0.83,REFER,False,REFER,True,True,True,0
dev_0259,development,radino_crop_m0.10_clahe0_bin,0.17956850341066108,1.37,0.18,0.83,NOT_TB,False,NOT_TB,False,True,True,0
dev_0260,development,radino_crop_m0.10_clahe0_bin,0.18607882842047996,1.37,0.18,0.83,REFER,False,REFER,True,True,True,2
dev_0261,development,radino_crop_m0.10_clahe0_bin,0.3749765616623365,1.37,0.18,0.83,REFER,False,REFER,True,True,True,0
dev_0262,development,radino_crop_m0.10_clahe0_bin,0.20028944459297052,1.37,0.18,0.83,REFER,False,REFER,True,True,True,0
dev_0263,development,radino_crop_m0.10_clahe0_bin,0.2932770795944092,1.37,0.18,0.83,REFER,False,REFER,True,True,True,0
dev_0264,development,radino_crop_m0.10_clahe0_bin,0.30163247844904695,1.37,0.18,0.83,REFER,False,REFER,True,True,True,0
dev_0265,development,radino_crop_m0.10_clahe0_bin,0.5131086012192493,1.37,0.18,0.83,REFER,False,REFER,True,True,True,0
dev_0266,development,radino_crop_m0.10_clahe0_bin,0.2078362738504156,1.37,0.18,0.83,REFER,False,REFER,True,True,True,0
dev_0267,development,radino_crop_m0.10_clahe0_bin,0.4744940243516211,1.37,0.18,0.83,REFER,False,REFER,True,True,True,0
dev_0268,development,radino_crop_m0.10_clahe0_bin,0.1957435786542772,1.37,0.18,0.83,REFER,False,REFER,True,True,True,0
dev_0269,development,radino_crop_m0.10_clahe0_bin,0.38504617599197355,1.37,0.18,0.83,REFER,False,REFER,True,True,True,0
dev_0270,development,radino_crop_m0.10_clahe0_bin,0.18742776520756635,1.37,0.18,0.83,REFER,False,REFER,True,True,True,1
dev_0271,development,radino_crop_m0.10_clahe0_bin,0.06787078580731298,1.37,0.18,0.83,NOT_TB,False,NOT_TB,False,True,True,0
dev_0272,development,radino_crop_m0.10_clahe0_bin,0.5424613438198639,1.37,0.18,0.83,REFER,False,REFER,True,True,True,0
dev_0273,development,radino_crop_m0.10_clahe0_bin,0.11959088065540475,1.37,0.18,0.83,NOT_TB,False,NOT_TB,False,True,True,0
dev_0274,development,radino_crop_m0.10_clahe0_bin,0.12796597030400175,1.37,0.18,0.83,NOT_TB,False,NOT_TB,False,True,True,0
dev_0275,development,radino_crop_m0.10_clahe0_bin,0.04684503315038727,1.37,0.18,0.83,NOT_TB,False,NOT_TB,False,True,True,0
dev_0276,development,radino_crop_m0.10_clahe0_bin,0.3588320309247398,1.37,0.18,0.83,REFER,False,REFER,True,True,True,0
dev_0277,development,radino_crop_m0.10_clahe0_bin,0.13478416659026593,1.37,0.18,0.83,NOT_TB,False,NOT_TB,False,True,True,0
dev_0278,development,radino_crop_m0.10_clahe0_bin,0.24345702671137429,1.37,0.18,0.83,REFER,False,REFER,True,True,True,0
dev_0279,development,radino_crop_m0.10_clahe0_bin,0.05892480452275003,1.37,0.18,0.83,NOT_TB,False,NOT_TB,False,True,True,0
dev_0280,development,radino_crop_m0.10_clahe0_bin,0.3011247144025185,1.37,0.18,0.83,REFER,False,REFER,True,True,True,1
dev_0281,development,radino_crop_m0.10_clahe0_bin,0.17357892362256833,1.37,0.18,0.83,NOT_TB,False,NOT_TB,False,True,True,0
dev_0282,development,radino_crop_m0.10_clahe0_bin,0.49604503821365137,1.37,0.18,0.83,REFER,False,REFER,True,True,True,2
dev_0283,development,radino_crop_m0.10_clahe0_bin,0.24374743360816864,1.37,0.18,0.83,REFER,False,REFER,True,True,True,0
dev_0284,development,radino_crop_m0.10_clahe0_bin,0.0182728138479414,1.37,0.18,0.83,NOT_TB,False,NOT_TB,False,True,True,0
dev_0285,development,radino_crop_m0.10_clahe0_bin,0.1305978164156615,1.37,0.18,0.83,NOT_TB,False,NOT_TB,False,True,True,0
dev_0286,development,radino_crop_m0.10_clahe0_bin,0.14254511214145804,1.37,0.18,0.83,NOT_TB,False,NOT_TB,False,True,True,0
dev_0287,development,radino_crop_m0.10_clahe0_bin,0.5049147278611634,1.37,0.18,0.83,REFER,False,REFER,True,True,True,0
dev_0288,development,radino_crop_m0.10_clahe0_bin,0.29424909613791006,1.37,0.18,0.83,REFER,False,REFER,True,True,True,0
dev_0289,development,radino_crop_m0.10_clahe0_bin,0.20600978848542906,1.37,0.18,0.83,REFER,False,REFER,True,True,True,0
dev_0290,development,radino_crop_m0.10_clahe0_bin,0.07019235801279419,1.37,0.18,0.83,NOT_TB,False,NOT_TB,False,True,True,0
dev_0291,development,radino_crop_m0.10_clahe0_bin,0.27221063971772846,1.37,0.18,0.83,REFER,False,REFER,True,True,True,0
dev_0292,development,radino_crop_m0.10_clahe0_bin,0.6049283539272681,1.37,0.18,0.83,REFER,False,REFER,True,True,True,0
dev_0293,development,radino_crop_m0.10_clahe0_bin,0.3421966478293821,1.37,0.18,0.83,REFER,False,REFER,True,True,True,0
dev_0294,development,radino_crop_m0.10_clahe0_bin,0.1492041637912413,1.37,0.18,0.83,NOT_TB,True,REFER,True,True,True,2
dev_0295,development,radino_crop_m0.10_clahe0_bin,0.2898823852638202,1.37,0.18,0.83,REFER,False,REFER,True,True,True,0
dev_0296,development,radino_crop_m0.10_clahe0_bin,0.26150486592427336,1.37,0.18,0.83,REFER,False,REFER,True,True,True,0
dev_0297,development,radino_crop_m0.10_clahe0_bin,0.3809368222254394,1.37,0.18,0.83,REFER,False,REFER,True,True,True,0
dev_0298,development,radino_crop_m0.10_clahe0_bin,0.40923789219385864,1.37,0.18,0.83,REFER,False,REFER,True,True,True,0
dev_0299,development,radino_crop_m0.10_clahe0_bin,0.5314981227731612,1.37,0.18,0.83,REFER,False,REFER,True,True,True,0
dev_0300,development,radino_crop_m0.10_clahe0_bin,0.3866712149250568,1.37,0.18,0.83,REFER,False,REFER,True,True,True,1
dev_0301,development,radino_crop_m0.10_clahe0_bin,0.29153658043203395,1.37,0.18,0.83,REFER,False,REFER,True,True,True,0
dev_0302,development,radino_crop_m0.10_clahe0_bin,0.22400199573729876,1.37,0.18,0.83,REFER,False,REFER,True,True,True,0
dev_0303,development,radino_crop_m0.10_clahe0_bin,0.19728490655596387,1.37,0.18,0.83,REFER,False,REFER,True,True,True,1
dev_0304,development,radino_crop_m0.10_clahe0_bin,0.28231443556570696,1.37,0.18,0.83,REFER,False,REFER,True,True,True,0
dev_0305,development,radino_crop_m0.10_clahe0_bin,0.18965581433957748,1.37,0.18,0.83,REFER,False,REFER,True,True,True,1
dev_0306,development,radino_crop_m0.10_clahe0_bin,0.34046366102904835,1.37,0.18,0.83,REFER,False,REFER,True,True,True,1
dev_0307,development,radino_crop_m0.10_clahe0_bin,0.31301586485504473,1.37,0.18,0.83,REFER,False,REFER,True,True,True,1
dev_0308,development,radino_crop_m0.10_clahe0_bin,0.18803422370362213,1.37,0.18,0.83,REFER,False,REFER,True,True,True,0
dev_0309,development,radino_crop_m0.10_clahe0_bin,0.42301231072665946,1.37,0.18,0.83,REFER,False,REFER,True,True,True,0
dev_0310,development,radino_crop_m0.10_clahe0_bin,0.1850530195663725,1.37,0.18,0.83,REFER,False,REFER,True,True,True,0
dev_0311,development,radino_crop_m0.10_clahe0_bin,0.12500942081418087,1.37,0.18,0.83,NOT_TB,False,NOT_TB,False,True,True,0
dev_0312,development,radino_crop_m0.10_clahe0_bin,0.5578715098119342,1.37,0.18,0.83,REFER,False,REFER,True,True,True,0
dev_0313,development,radino_crop_m0.10_clahe0_bin,0.09394322954975248,1.37,0.18,0.83,NOT_TB,False,NOT_TB,False,True,True,0
dev_0314,development,radino_crop_m0.10_clahe0_bin,0.4075340918186763,1.37,0.18,0.83,REFER,False,REFER,True,True,True,2
dev_0315,development,radino_crop_m0.10_clahe0_bin,0.5678019270241796,1.37,0.18,0.83,REFER,False,REFER,True,True,True,0
dev_0316,development,radino_crop_m0.10_clahe0_bin,0.3238658450353077,1.37,0.18,0.83,REFER,False,REFER,True,True,True,0
dev_0317,development,radino_crop_m0.10_clahe0_bin,0.3303840478520851,1.37,0.18,0.83,REFER,False,REFER,True,True,True,0
dev_0318,development,radino_crop_m0.10_clahe0_bin,0.5748916154141427,1.37,0.18,0.83,REFER,False,REFER,True,True,True,0
dev_0319,development,radino_crop_m0.10_clahe0_bin,0.2858497876949283,1.37,0.18,0.83,REFER,False,REFER,True,True,True,0
dev_0320,development,radino_crop_m0.10_clahe0_bin,0.15747790324745595,1.37,0.18,0.83,NOT_TB,False,NOT_TB,False,True,True,0
dev_0321,development,radino_crop_m0.10_clahe0_bin,0.24589642549308102,1.37,0.18,0.83,REFER,False,REFER,True,True,True,0
dev_0322,development,radino_crop_m0.10_clahe0_bin,0.23675458089848694,1.37,0.18,0.83,REFER,False,REFER,True,True,True,1
dev_0323,development,radino_crop_m0.10_clahe0_bin,0.19581501087077266,1.37,0.18,0.83,REFER,False,REFER,True,True,True,0
dev_0324,development,radino_crop_m0.10_clahe0_bin,0.10778984839437414,1.37,0.18,0.83,NOT_TB,False,NOT_TB,False,True,True,0
dev_0325,development,radino_crop_m0.10_clahe0_bin,0.32960280095292505,1.37,0.18,0.83,REFER,False,REFER,True,True,True,0
dev_0326,development,radino_crop_m0.10_clahe0_bin,0.25267006000178777,1.37,0.18,0.83,REFER,False,REFER,True,True,True,0
dev_0327,development,radino_crop_m0.10_clahe0_bin,0.28853819156260746,1.37,0.18,0.83,REFER,False,REFER,True,True,True,0
dev_0328,development,radino_crop_m0.10_clahe0_bin,0.2592603167650896,1.37,0.18,0.83,REFER,False,REFER,True,True,True,0
dev_0329,development,radino_crop_m0.10_clahe0_bin,0.695180918217565,1.37,0.18,0.83,REFER,False,REFER,True,True,True,0
dev_0330,development,radino_crop_m0.10_clahe0_bin,0.5230702710141628,1.37,0.18,0.83,REFER,False,REFER,True,True,True,0
dev_0331,development,radino_crop_m0.10_clahe0_bin,0.5184613485610201,1.37,0.18,0.83,REFER,False,REFER,True,True,True,0
dev_0332,development,radino_crop_m0.10_clahe0_bin,0.3650907638218615,1.37,0.18,0.83,REFER,False,REFER,True,True,True,0
dev_0333,development,radino_crop_m0.10_clahe0_bin,0.3615725753250319,1.37,0.18,0.83,REFER,False,REFER,True,True,True,0
dev_0334,development,radino_crop_m0.10_clahe0_bin,0.7316721566569453,1.37,0.18,0.83,REFER,False,REFER,True,True,True,0
dev_0335,development,radino_crop_m0.10_clahe0_bin,0.47711992985996504,1.37,0.18,0.83,REFER,False,REFER,True,True,True,0
dev_0336,development,radino_crop_m0.10_clahe0_bin,0.4619027610734869,1.37,0.18,0.83,REFER,False,REFER,True,True,True,2
dev_0337,development,radino_crop_m0.10_clahe0_bin,0.39102207326394395,1.37,0.18,0.83,REFER,False,REFER,True,True,True,0
dev_0338,development,radino_crop_m0.10_clahe0_bin,0.1855060508641663,1.37,0.18,0.83,REFER,False,REFER,True,True,True,0
dev_0339,development,radino_crop_m0.10_clahe0_bin,0.08748956601753179,1.37,0.18,0.83,NOT_TB,True,REFER,True,True,True,1
dev_0340,development,radino_crop_m0.10_clahe0_bin,0.07489590833109049,1.37,0.18,0.83,NOT_TB,True,REFER,True,True,True,2
dev_0341,development,radino_crop_m0.10_clahe0_bin,0.3351457318781293,1.37,0.18,0.83,REFER,False,REFER,True,True,True,0
dev_0342,development,radino_crop_m0.10_clahe0_bin,0.1661267871988141,1.37,0.18,0.83,NOT_TB,False,NOT_TB,False,True,True,0
dev_0343,development,radino_crop_m0.10_clahe0_bin,0.29867830471479556,1.37,0.18,0.83,REFER,False,REFER,True,True,True,1
dev_0344,development,radino_crop_m0.10_clahe0_bin,0.689085418440036,1.37,0.18,0.83,REFER,False,REFER,True,True,True,0
dev_0345,development,radino_crop_m0.10_clahe0_bin,0.33373153039625386,1.37,0.18,0.83,REFER,False,REFER,True,True,True,0
dev_0346,development,radino_crop_m0.10_clahe0_bin,0.5258460998406527,1.37,0.18,0.83,REFER,False,REFER,True,True,True,0
dev_0347,development,radino_crop_m0.10_clahe0_bin,0.06677216000928947,1.37,0.18,0.83,NOT_TB,False,NOT_TB,False,True,True,0
dev_0348,development,radino_crop_m0.10_clahe0_bin,0.3391901278066484,1.37,0.18,0.83,REFER,False,REFER,True,True,True,0
dev_0349,development,radino_crop_m0.10_clahe0_bin,0.3320475646455185,1.37,0.18,0.83,REFER,False,REFER,True,True,True,0
dev_0350,development,radino_crop_m0.10_clahe0_bin,0.07602443048027838,1.37,0.18,0.83,NOT_TB,False,NOT_TB,False,True,True,0
dev_0351,development,radino_crop_m0.10_clahe0_bin,0.21731788387105255,1.37,0.18,0.83,REFER,False,REFER,True,True,True,0
dev_0352,development,radino_crop_m0.10_clahe0_bin,0.3185740809684774,1.37,0.18,0.83,REFER,False,REFER,True,True,True,0
dev_0353,development,radino_crop_m0.10_clahe0_bin,0.22489927938955517,1.37,0.18,0.83,REFER,False,REFER,True,True,True,1
dev_0354,development,radino_crop_m0.10_clahe0_bin,0.17747898595334474,1.37,0.18,0.83,NOT_TB,False,NOT_TB,False,True,True,0
dev_0355,development,radino_crop_m0.10_clahe0_bin,0.1383429104640624,1.37,0.18,0.83,NOT_TB,False,NOT_TB,False,True,True,0
dev_0356,development,radino_crop_m0.10_clahe0_bin,0.36856907830112273,1.37,0.18,0.83,REFER,False,REFER,True,True,True,0
dev_0357,development,radino_crop_m0.10_clahe0_bin,0.46623723125936894,1.37,0.18,0.83,REFER,False,REFER,True,True,True,0
dev_0358,development,radino_crop_m0.10_clahe0_bin,0.10503907040398917,1.37,0.18,0.83,NOT_TB,True,REFER,True,True,True,1
dev_0359,development,radino_crop_m0.10_clahe0_bin,0.26710111680087234,1.37,0.18,0.83,REFER,False,REFER,True,True,True,0
dev_0360,development,radino_crop_m0.10_clahe0_bin,0.2201460151347945,1.37,0.18,0.83,REFER,False,REFER,True,True,True,0
dev_0361,development,radino_crop_m0.10_clahe0_bin,0.2631298810981144,1.37,0.18,0.83,REFER,False,REFER,True,True,True,1
dev_0362,development,radino_crop_m0.10_clahe0_bin,0.2829791936773418,1.37,0.18,0.83,REFER,False,REFER,True,True,True,1
dev_0363,development,radino_crop_m0.10_clahe0_bin,0.2036905183428536,1.37,0.18,0.83,REFER,False,REFER,True,True,True,1
dev_0364,development,radino_crop_m0.10_clahe0_bin,0.08920500075319554,1.37,0.18,0.83,NOT_TB,False,NOT_TB,False,True,True,0
dev_0365,development,radino_crop_m0.10_clahe0_bin,0.10533959227542532,1.37,0.18,0.83,NOT_TB,False,NOT_TB,False,True,True,0
dev_0366,development,radino_crop_m0.10_clahe0_bin,0.4291126400945053,1.37,0.18,0.83,REFER,False,REFER,True,True,True,2
dev_0367,development,radino_crop_m0.10_clahe0_bin,0.10649471344996658,1.37,0.18,0.83,NOT_TB,False,NOT_TB,False,True,True,0
dev_0368,development,radino_crop_m0.10_clahe0_bin,0.27061557226361777,1.37,0.18,0.83,REFER,False,REFER,True,True,True,0
dev_0369,development,radino_crop_m0.10_clahe0_bin,0.24739287324518086,1.37,0.18,0.83,REFER,False,REFER,True,True,True,0
dev_0370,development,radino_crop_m0.10_clahe0_bin,0.4884277838835915,1.37,0.18,0.83,REFER,False,REFER,True,True,True,0
dev_0371,development,radino_crop_m0.10_clahe0_bin,0.22327211045763612,1.37,0.18,0.83,REFER,False,REFER,True,True,True,0
dev_0372,development,radino_crop_m0.10_clahe0_bin,0.45810546139247216,1.37,0.18,0.83,REFER,False,REFER,True,True,True,0
dev_0373,development,radino_crop_m0.10_clahe0_bin,0.4018574198243918,1.37,0.18,0.83,REFER,False,REFER,True,True,True,0
dev_0374,development,radino_crop_m0.10_clahe0_bin,0.4810604158661806,1.37,0.18,0.83,REFER,False,REFER,True,True,True,1
dev_0375,development,radino_crop_m0.10_clahe0_bin,0.6061159820623537,1.37,0.18,0.83,REFER,False,REFER,True,True,True,0
dev_0376,development,radino_crop_m0.10_clahe0_bin,0.16072225460184675,1.37,0.18,0.83,NOT_TB,False,NOT_TB,False,True,True,0
dev_0377,development,radino_crop_m0.10_clahe0_bin,0.19973637511842648,1.37,0.18,0.83,REFER,False,REFER,True,True,True,0
dev_0378,development,radino_crop_m0.10_clahe0_bin,0.4989817640021283,1.37,0.18,0.83,REFER,False,REFER,True,True,True,0
dev_0379,development,radino_crop_m0.10_clahe0_bin,0.3130604619760874,1.37,0.18,0.83,REFER,False,REFER,True,True,True,1
dev_0380,development,radino_crop_m0.10_clahe0_bin,0.1901970834789029,1.37,0.18,0.83,REFER,False,REFER,True,True,True,0
dev_0381,development,radino_crop_m0.10_clahe0_bin,0.5005617512924981,1.37,0.18,0.83,REFER,False,REFER,True,True,True,0
dev_0382,development,radino_crop_m0.10_clahe0_bin,0.1587247063710889,1.37,0.18,0.83,NOT_TB,True,REFER,True,True,True,1
dev_0383,development,radino_crop_m0.10_clahe0_bin,0.1478292558001338,1.37,0.18,0.83,NOT_TB,True,REFER,True,True,True,1
dev_0384,development,radino_crop_m0.10_clahe0_bin,0.29216926568842694,1.37,0.18,0.83,REFER,False,REFER,True,True,True,0
dev_0385,development,radino_crop_m0.10_clahe0_bin,0.1998340756197418,1.37,0.18,0.83,REFER,False,REFER,True,True,True,0
dev_0386,development,radino_crop_m0.10_clahe0_bin,0.49161803508241253,1.37,0.18,0.83,REFER,False,REFER,True,True,True,0
dev_0387,development,radino_crop_m0.10_clahe0_bin,0.09801116522121651,1.37,0.18,0.83,NOT_TB,False,NOT_TB,False,True,True,0
dev_0388,development,radino_crop_m0.10_clahe0_bin,0.518665296096946,1.37,0.18,0.83,REFER,False,REFER,True,True,True,0
dev_0389,development,radino_crop_m0.10_clahe0_bin,0.4032887285950939,1.37,0.18,0.83,REFER,False,REFER,True,True,True,2
dev_0390,development,radino_crop_m0.10_clahe0_bin,0.1629811044116423,1.37,0.18,0.83,NOT_TB,False,NOT_TB,False,True,True,0
dev_0391,development,radino_crop_m0.10_clahe0_bin,0.16601317810865177,1.37,0.18,0.83,NOT_TB,False,NOT_TB,False,True,True,0
dev_0392,development,radino_crop_m0.10_clahe0_bin,0.13304888852528435,1.37,0.18,0.83,NOT_TB,False,NOT_TB,False,True,True,0
dev_0393,development,radino_crop_m0.10_clahe0_bin,0.5533617291446441,1.37,0.18,0.83,REFER,False,REFER,True,True,True,2
dev_0394,development,radino_crop_m0.10_clahe0_bin,0.3890352589867472,1.37,0.18,0.83,REFER,False,REFER,True,True,True,0
dev_0395,development,radino_crop_m0.10_clahe0_bin,0.24528882737355928,1.37,0.18,0.83,REFER,False,REFER,True,True,True,0
dev_0396,development,radino_crop_m0.10_clahe0_bin,0.2302318336954011,1.37,0.18,0.83,REFER,False,REFER,True,True,True,1
dev_0397,development,radino_crop_m0.10_clahe0_bin,0.2538545368961828,1.37,0.18,0.83,REFER,False,REFER,True,True,True,0
dev_0398,development,radino_crop_m0.10_clahe0_bin,0.2616229128398453,1.37,0.18,0.83,REFER,False,REFER,True,True,True,0
dev_0399,development,radino_crop_m0.10_clahe0_bin,0.21940919672182385,1.37,0.18,0.83,REFER,False,REFER,True,True,True,0
dev_0400,development,radino_crop_m0.10_clahe0_bin,0.5209121216050573,1.37,0.18,0.83,REFER,False,REFER,True,True,True,0
dev_0401,development,radino_crop_m0.10_clahe0_bin,0.23643081417910128,1.37,0.18,0.83,REFER,False,REFER,True,True,True,0
dev_0402,development,radino_crop_m0.10_clahe0_bin,0.22916522272772033,1.37,0.18,0.83,REFER,False,REFER,True,True,True,0
dev_0403,development,radino_crop_m0.10_clahe0_bin,0.0862215478999587,1.37,0.18,0.83,NOT_TB,False,NOT_TB,False,True,True,0
dev_0404,development,radino_crop_m0.10_clahe0_bin,0.09628590529141298,1.37,0.18,0.83,NOT_TB,True,REFER,True,True,True,1
dev_0405,development,radino_crop_m0.10_clahe0_bin,0.17805383887097717,1.37,0.18,0.83,NOT_TB,False,NOT_TB,False,True,True,0
dev_0406,development,radino_crop_m0.10_clahe0_bin,0.2521654214890778,1.37,0.18,0.83,REFER,False,REFER,True,True,True,0
dev_0407,development,radino_crop_m0.10_clahe0_bin,0.3214735796000901,1.37,0.18,0.83,REFER,False,REFER,True,True,True,2
dev_0408,development,radino_crop_m0.10_clahe0_bin,0.2422444771016315,1.37,0.18,0.83,REFER,False,REFER,True,True,True,0
dev_0409,development,radino_crop_m0.10_clahe0_bin,0.43801189196606016,1.37,0.18,0.83,REFER,False,REFER,True,True,True,0
dev_0410,development,radino_crop_m0.10_clahe0_bin,0.043723982396414056,1.37,0.18,0.83,NOT_TB,False,NOT_TB,False,True,True,0
dev_0411,development,radino_crop_m0.10_clahe0_bin,0.22456761680023118,1.37,0.18,0.83,REFER,False,REFER,True,True,True,0
dev_0412,development,radino_crop_m0.10_clahe0_bin,0.16006367654427103,1.37,0.18,0.83,NOT_TB,False,NOT_TB,False,True,True,0
dev_0413,development,radino_crop_m0.10_clahe0_bin,0.6546792183132458,1.37,0.18,0.83,REFER,False,REFER,True,True,True,0
dev_0414,development,radino_crop_m0.10_clahe0_bin,0.1987578648435365,1.37,0.18,0.83,REFER,False,REFER,True,True,True,0
dev_0415,development,radino_crop_m0.10_clahe0_bin,0.3752843379631159,1.37,0.18,0.83,REFER,False,REFER,True,True,True,2
dev_0416,development,radino_crop_m0.10_clahe0_bin,0.2295587749365086,1.37,0.18,0.83,REFER,False,REFER,True,True,True,0
dev_0417,development,radino_crop_m0.10_clahe0_bin,0.2632970291661471,1.37,0.18,0.83,REFER,False,REFER,True,True,True,0
dev_0418,development,radino_crop_m0.10_clahe0_bin,0.21399622217314307,1.37,0.18,0.83,REFER,False,REFER,True,True,True,0
dev_0419,development,radino_crop_m0.10_clahe0_bin,0.11520304508316898,1.37,0.18,0.83,NOT_TB,False,NOT_TB,False,True,True,0
dev_0420,development,radino_crop_m0.10_clahe0_bin,0.28754930995125855,1.37,0.18,0.83,REFER,False,REFER,True,True,True,0
dev_0421,development,radino_crop_m0.10_clahe0_bin,0.5163857742635778,1.37,0.18,0.83,REFER,False,REFER,True,True,True,0
dev_0422,development,radino_crop_m0.10_clahe0_bin,0.11263383020129353,1.37,0.18,0.83,NOT_TB,True,REFER,True,True,True,1
dev_0423,development,radino_crop_m0.10_clahe0_bin,0.31392460309398723,1.37,0.18,0.83,REFER,False,REFER,True,True,True,1
dev_0424,development,radino_crop_m0.10_clahe0_bin,0.26285031997015124,1.37,0.18,0.83,REFER,False,REFER,True,True,True,0
dev_0425,development,radino_crop_m0.10_clahe0_bin,0.6980983706019852,1.37,0.18,0.83,REFER,False,REFER,True,True,True,2
dev_0426,development,radino_crop_m0.10_clahe0_bin,0.06958376679466005,1.37,0.18,0.83,NOT_TB,True,REFER,True,True,True,1
dev_0427,development,radino_crop_m0.10_clahe0_bin,0.03699538971586471,1.37,0.18,0.83,NOT_TB,False,NOT_TB,False,True,True,0
dev_0428,development,radino_crop_m0.10_clahe0_bin,0.6104400057793778,1.37,0.18,0.83,REFER,False,REFER,True,True,True,1
dev_0429,development,radino_crop_m0.10_clahe0_bin,0.1662210325103674,1.37,0.18,0.83,NOT_TB,True,REFER,True,True,True,1
dev_0430,development,radino_crop_m0.10_clahe0_bin,0.2994551618104669,1.37,0.18,0.83,REFER,False,REFER,True,True,True,0
dev_0431,development,radino_crop_m0.10_clahe0_bin,0.13835411295784394,1.37,0.18,0.83,NOT_TB,False,NOT_TB,False,True,True,0
dev_0432,development,radino_crop_m0.10_clahe0_bin,0.02335219036359147,1.37,0.18,0.83,NOT_TB,True,REFER,True,True,True,1
dev_0433,development,radino_crop_m0.10_clahe0_bin,0.6311607163029873,1.37,0.18,0.83,REFER,False,REFER,True,True,True,1
dev_0434,development,radino_crop_m0.10_clahe0_bin,0.23645682775053245,1.37,0.18,0.83,REFER,False,REFER,True,True,True,0
dev_0435,development,radino_crop_m0.10_clahe0_bin,0.2987524276224456,1.37,0.18,0.83,REFER,False,REFER,True,True,True,1
dev_0436,development,radino_crop_m0.10_clahe0_bin,0.1495323487346092,1.37,0.18,0.83,NOT_TB,False,NOT_TB,False,True,True,0
dev_0437,development,radino_crop_m0.10_clahe0_bin,0.16051779692372423,1.37,0.18,0.83,NOT_TB,False,NOT_TB,False,True,True,0
dev_0438,development,radino_crop_m0.10_clahe0_bin,0.13252325004423446,1.37,0.18,0.83,NOT_TB,False,NOT_TB,False,True,True,0
dev_0439,development,radino_crop_m0.10_clahe0_bin,0.21783073619445253,1.37,0.18,0.83,REFER,False,REFER,True,True,True,0
dev_0440,development,radino_crop_m0.10_clahe0_bin,0.1117000777010045,1.37,0.18,0.83,NOT_TB,False,NOT_TB,False,True,True,0
dev_0441,development,radino_crop_m0.10_clahe0_bin,0.18894791974561984,1.37,0.18,0.83,REFER,False,REFER,True,True,True,0
dev_0442,development,radino_crop_m0.10_clahe0_bin,0.34549913213853195,1.37,0.18,0.83,REFER,False,REFER,True,True,True,0
dev_0443,development,radino_crop_m0.10_clahe0_bin,0.23863916246475533,1.37,0.18,0.83,REFER,False,REFER,True,True,True,0
dev_0444,development,radino_crop_m0.10_clahe0_bin,0.19817295486331024,1.37,0.18,0.83,REFER,False,REFER,True,True,True,1
dev_0445,development,radino_crop_m0.10_clahe0_bin,0.45702929425781696,1.37,0.18,0.83,REFER,False,REFER,True,True,True,0
dev_0446,development,radino_crop_m0.10_clahe0_bin,0.2692158139636832,1.37,0.18,0.83,REFER,False,REFER,True,True,True,1
dev_0447,development,radino_crop_m0.10_clahe0_bin,0.3708941557868103,1.37,0.18,0.83,REFER,False,REFER,True,True,True,0
dev_0448,development,radino_crop_m0.10_clahe0_bin,0.06806163197266381,1.37,0.18,0.83,NOT_TB,False,NOT_TB,False,True,True,0
dev_0449,development,radino_crop_m0.10_clahe0_bin,0.6533329660470159,1.37,0.18,0.83,REFER,False,REFER,True,True,True,0
dev_0450,development,radino_crop_m0.10_clahe0_bin,0.344130882930255,1.37,0.18,0.83,REFER,False,REFER,True,True,True,0
dev_0451,development,radino_crop_m0.10_clahe0_bin,0.08150490669747201,1.37,0.18,0.83,NOT_TB,False,NOT_TB,False,True,True,0
dev_0452,development,radino_crop_m0.10_clahe0_bin,0.5893135766635405,1.37,0.18,0.83,REFER,False,REFER,True,True,True,0
dev_0453,development,radino_crop_m0.10_clahe0_bin,0.19404062677963013,1.37,0.18,0.83,REFER,False,REFER,True,True,True,0
dev_0454,development,radino_crop_m0.10_clahe0_bin,0.14845014821888775,1.37,0.18,0.83,NOT_TB,True,REFER,True,True,True,2
dev_0455,development,radino_crop_m0.10_clahe0_bin,0.13128352707388732,1.37,0.18,0.83,NOT_TB,True,REFER,True,True,True,1
dev_0456,development,radino_crop_m0.10_clahe0_bin,0.2150742102881212,1.37,0.18,0.83,REFER,False,REFER,True,True,True,0
dev_0457,development,radino_crop_m0.10_clahe0_bin,0.6854299448285848,1.37,0.18,0.83,REFER,False,REFER,True,True,True,0
dev_0458,development,radino_crop_m0.10_clahe0_bin,0.32022152922017993,1.37,0.18,0.83,REFER,False,REFER,True,True,True,0
dev_0459,development,radino_crop_m0.10_clahe0_bin,0.5259083215481551,1.37,0.18,0.83,REFER,False,REFER,True,True,True,0
dev_0460,development,radino_crop_m0.10_clahe0_bin,0.4898752694077687,1.37,0.18,0.83,REFER,False,REFER,True,True,True,2
dev_0461,development,radino_crop_m0.10_clahe0_bin,0.3323984691790035,1.37,0.18,0.83,REFER,False,REFER,True,True,True,0
dev_0462,development,radino_crop_m0.10_clahe0_bin,0.13375640329633018,1.37,0.18,0.83,NOT_TB,False,NOT_TB,False,True,True,0
dev_0463,development,radino_crop_m0.10_clahe0_bin,0.10539626560360427,1.37,0.18,0.83,NOT_TB,True,REFER,True,True,True,2
dev_0464,development,radino_crop_m0.10_clahe0_bin,0.32015044998222697,1.37,0.18,0.83,REFER,False,REFER,True,True,True,0
dev_0465,development,radino_crop_m0.10_clahe0_bin,0.09981093363808446,1.37,0.18,0.83,NOT_TB,False,NOT_TB,False,True,True,0
dev_0466,development,radino_crop_m0.10_clahe0_bin,0.5059830088044318,1.37,0.18,0.83,REFER,False,REFER,True,True,True,0
dev_0467,development,radino_crop_m0.10_clahe0_bin,0.5954647850830106,1.37,0.18,0.83,REFER,False,REFER,True,True,True,0
dev_0468,development,radino_crop_m0.10_clahe0_bin,0.5010398174972341,1.37,0.18,0.83,REFER,False,REFER,True,True,True,0
dev_0469,development,radino_crop_m0.10_clahe0_bin,0.26226404420671795,1.37,0.18,0.83,REFER,False,REFER,True,True,True,0
dev_0470,development,radino_crop_m0.10_clahe0_bin,0.3907927417709389,1.37,0.18,0.83,REFER,False,REFER,True,True,True,1
dev_0471,development,radino_crop_m0.10_clahe0_bin,0.10616508568281664,1.37,0.18,0.83,NOT_TB,False,NOT_TB,False,True,True,0
dev_0472,development,radino_crop_m0.10_clahe0_bin,0.6779479797032394,1.37,0.18,0.83,REFER,False,REFER,True,True,True,0
dev_0473,development,radino_crop_m0.10_clahe0_bin,0.20317398345155468,1.37,0.18,0.83,REFER,False,REFER,True,True,True,0
dev_0474,development,radino_crop_m0.10_clahe0_bin,0.2541093568630668,1.37,0.18,0.83,REFER,False,REFER,True,True,True,1
dev_0475,development,radino_crop_m0.10_clahe0_bin,0.18787213510744846,1.37,0.18,0.83,REFER,False,REFER,True,True,True,1
dev_0476,development,radino_crop_m0.10_clahe0_bin,0.04369998525690961,1.37,0.18,0.83,NOT_TB,False,NOT_TB,False,True,True,0
dev_0477,development,radino_crop_m0.10_clahe0_bin,0.2425823397614059,1.37,0.18,0.83,REFER,False,REFER,True,True,True,0
dev_0478,development,radino_crop_m0.10_clahe0_bin,0.3596844125979765,1.37,0.18,0.83,REFER,False,REFER,True,True,True,0
dev_0479,development,radino_crop_m0.10_clahe0_bin,0.513730422427183,1.37,0.18,0.83,REFER,False,REFER,True,True,True,1
dev_0480,development,radino_crop_m0.10_clahe0_bin,0.0825486245907208,1.37,0.18,0.83,NOT_TB,True,REFER,True,True,True,1
dev_0481,development,radino_crop_m0.10_clahe0_bin,0.2404512992994908,1.37,0.18,0.83,REFER,False,REFER,True,True,True,0
dev_0482,development,radino_crop_m0.10_clahe0_bin,0.2889779516839596,1.37,0.18,0.83,REFER,False,REFER,True,True,True,2
dev_0483,development,radino_crop_m0.10_clahe0_bin,0.5758937619279909,1.37,0.18,0.83,REFER,False,REFER,True,True,True,1
dev_0484,development,radino_crop_m0.10_clahe0_bin,0.3161236745225051,1.37,0.18,0.83,REFER,False,REFER,True,True,True,0
dev_0485,development,radino_crop_m0.10_clahe0_bin,0.09928436074325256,1.37,0.18,0.83,NOT_TB,False,NOT_TB,False,True,True,0
dev_0486,development,radino_crop_m0.10_clahe0_bin,0.3179473453130615,1.37,0.18,0.83,REFER,False,REFER,True,True,True,0
dev_0487,development,radino_crop_m0.10_clahe0_bin,0.15308547667143718,1.37,0.18,0.83,NOT_TB,False,NOT_TB,False,True,True,0
dev_0488,development,radino_crop_m0.10_clahe0_bin,0.5894411235894079,1.37,0.18,0.83,REFER,False,REFER,True,True,True,2
dev_0489,development,radino_crop_m0.10_clahe0_bin,0.21128570242366704,1.37,0.18,0.83,REFER,False,REFER,True,True,True,0
dev_0490,development,radino_crop_m0.10_clahe0_bin,0.5031166317744812,1.37,0.18,0.83,REFER,False,REFER,True,True,True,1
dev_0491,development,radino_crop_m0.10_clahe0_bin,0.33817667782985145,1.37,0.18,0.83,REFER,False,REFER,True,True,True,0
dev_0492,development,radino_crop_m0.10_clahe0_bin,0.375683228839688,1.37,0.18,0.83,REFER,False,REFER,True,True,True,0
dev_0493,development,radino_crop_m0.10_clahe0_bin,0.4609562157401695,1.37,0.18,0.83,REFER,False,REFER,True,True,True,0
dev_0494,development,radino_crop_m0.10_clahe0_bin,0.2612598097039149,1.37,0.18,0.83,REFER,False,REFER,True,True,True,2
dev_0495,development,radino_crop_m0.10_clahe0_bin,0.24579671508466922,1.37,0.18,0.83,REFER,False,REFER,True,True,True,0
dev_0496,development,radino_crop_m0.10_clahe0_bin,0.35046476843118246,1.37,0.18,0.83,REFER,False,REFER,True,True,True,0
dev_0497,development,radino_crop_m0.10_clahe0_bin,0.29305344270238065,1.37,0.18,0.83,REFER,False,REFER,True,True,True,0
dev_0498,development,radino_crop_m0.10_clahe0_bin,0.20365832708799395,1.37,0.18,0.83,REFER,False,REFER,True,True,True,0
dev_0499,development,radino_crop_m0.10_clahe0_bin,0.4690509642180161,1.37,0.18,0.83,REFER,False,REFER,True,True,True,0
dev_0500,development,radino_crop_m0.10_clahe0_bin,0.16225821638165028,1.37,0.18,0.83,NOT_TB,False,NOT_TB,False,True,True,0
dev_0501,development,radino_crop_m0.10_clahe0_bin,0.31808893469918303,1.37,0.18,0.83,REFER,False,REFER,True,True,True,0
dev_0502,development,radino_crop_m0.10_clahe0_bin,0.43374507252440236,1.37,0.18,0.83,REFER,False,REFER,True,True,True,0
dev_0503,development,radino_crop_m0.10_clahe0_bin,0.1659566555886661,1.37,0.18,0.83,NOT_TB,True,REFER,True,True,True,1
dev_0504,development,radino_crop_m0.10_clahe0_bin,0.5820022929620138,1.37,0.18,0.83,REFER,False,REFER,True,True,True,0
dev_0505,development,radino_crop_m0.10_clahe0_bin,0.3708038731135366,1.37,0.18,0.83,REFER,False,REFER,True,True,True,0
dev_0506,development,radino_crop_m0.10_clahe0_bin,0.06207466392635974,1.37,0.18,0.83,NOT_TB,True,REFER,True,True,True,1
dev_0507,development,radino_crop_m0.10_clahe0_bin,0.31771113083148667,1.37,0.18,0.83,REFER,False,REFER,True,True,True,0
dev_0508,development,radino_crop_m0.10_clahe0_bin,0.33440527559470407,1.37,0.18,0.83,REFER,False,REFER,True,True,True,0
dev_0509,development,radino_crop_m0.10_clahe0_bin,0.30846638463939297,1.37,0.18,0.83,REFER,False,REFER,True,True,True,0
dev_0510,development,radino_crop_m0.10_clahe0_bin,0.186333567793328,1.37,0.18,0.83,REFER,False,REFER,True,True,True,1
dev_0511,development,radino_crop_m0.10_clahe0_bin,0.33702400260905485,1.37,0.18,0.83,REFER,False,REFER,True,True,True,2
dev_0512,development,radino_crop_m0.10_clahe0_bin,0.393127674444721,1.37,0.18,0.83,REFER,False,REFER,True,True,True,0
dev_0513,development,radino_crop_m0.10_clahe0_bin,0.09120723645669686,1.37,0.18,0.83,NOT_TB,True,REFER,True,True,True,2
dev_0514,development,radino_crop_m0.10_clahe0_bin,0.2251297818384056,1.37,0.18,0.83,REFER,False,REFER,True,True,True,0
dev_0515,development,radino_crop_m0.10_clahe0_bin,0.12995749559047032,1.37,0.18,0.83,NOT_TB,True,REFER,True,True,True,1
dev_0516,development,radino_crop_m0.10_clahe0_bin,0.371203873275192,1.37,0.18,0.83,REFER,False,REFER,True,True,True,0
dev_0517,development,radino_crop_m0.10_clahe0_bin,0.09149996959861437,1.37,0.18,0.83,NOT_TB,True,REFER,True,True,True,1
dev_0518,development,radino_crop_m0.10_clahe0_bin,0.39148904930436557,1.37,0.18,0.83,REFER,False,REFER,True,True,True,1
dev_0519,development,radino_crop_m0.10_clahe0_bin,0.3209655916634879,1.37,0.18,0.83,REFER,False,REFER,True,True,True,0
dev_0520,development,radino_crop_m0.10_clahe0_bin,0.5026809355440318,1.37,0.18,0.83,REFER,False,REFER,True,True,True,0
dev_0521,development,radino_crop_m0.10_clahe0_bin,0.23733441827710056,1.37,0.18,0.83,REFER,False,REFER,True,True,True,0
dev_0522,development,radino_crop_m0.10_clahe0_bin,0.223092145027141,1.37,0.18,0.83,REFER,False,REFER,True,True,True,0
dev_0523,development,radino_crop_m0.10_clahe0_bin,0.20893939036380393,1.37,0.18,0.83,REFER,False,REFER,True,True,True,0
dev_0524,development,radino_crop_m0.10_clahe0_bin,0.2071339026845901,1.37,0.18,0.83,REFER,False,REFER,True,True,True,1
dev_0525,development,radino_crop_m0.10_clahe0_bin,0.122345852798727,1.37,0.18,0.83,NOT_TB,True,REFER,True,True,True,1
dev_0526,development,radino_crop_m0.10_clahe0_bin,0.23230619111569853,1.37,0.18,0.83,REFER,False,REFER,True,True,True,0
dev_0527,development,radino_crop_m0.10_clahe0_bin,0.25876072309545883,1.37,0.18,0.83,REFER,False,REFER,True,True,True,2
dev_0528,development,radino_crop_m0.10_clahe0_bin,0.11032437529521169,1.37,0.18,0.83,NOT_TB,True,REFER,True,True,True,2
dev_0529,development,radino_crop_m0.10_clahe0_bin,0.14846614391315313,1.37,0.18,0.83,NOT_TB,True,REFER,True,True,True,2
dev_0530,development,radino_crop_m0.10_clahe0_bin,0.2615170872957335,1.37,0.18,0.83,REFER,False,REFER,True,True,True,2
dev_0531,development,radino_crop_m0.10_clahe0_bin,0.29206726118503135,1.37,0.18,0.83,REFER,False,REFER,True,True,True,0
dev_0532,development,radino_crop_m0.10_clahe0_bin,0.3361285985414692,1.37,0.18,0.83,REFER,False,REFER,True,True,True,0
dev_0533,development,radino_crop_m0.10_clahe0_bin,0.5445127881853961,1.37,0.18,0.83,REFER,False,REFER,True,True,True,2
dev_0534,development,radino_crop_m0.10_clahe0_bin,0.19087732902193302,1.37,0.18,0.83,REFER,False,REFER,True,True,True,0
dev_0535,development,radino_crop_m0.10_clahe0_bin,0.1728798575335225,1.37,0.18,0.83,NOT_TB,False,NOT_TB,False,True,True,0
dev_0536,development,radino_crop_m0.10_clahe0_bin,0.2481818075742502,1.37,0.18,0.83,REFER,False,REFER,True,True,True,0
dev_0537,development,radino_crop_m0.10_clahe0_bin,0.2185712871858554,1.37,0.18,0.83,REFER,False,REFER,True,True,True,0
dev_0538,development,radino_crop_m0.10_clahe0_bin,0.16922721036912186,1.37,0.18,0.83,NOT_TB,True,REFER,True,True,True,1
dev_0539,development,radino_crop_m0.10_clahe0_bin,0.1505138187392096,1.37,0.18,0.83,NOT_TB,False,NOT_TB,False,True,True,0
dev_0540,development,radino_crop_m0.10_clahe0_bin,0.43386062661553143,1.37,0.18,0.83,REFER,False,REFER,True,True,True,0
dev_0541,development,radino_crop_m0.10_clahe0_bin,0.4048714575853031,1.37,0.18,0.83,REFER,False,REFER,True,True,True,1
dev_0542,development,radino_crop_m0.10_clahe0_bin,0.13247646026769755,1.37,0.18,0.83,NOT_TB,False,NOT_TB,False,True,True,0
dev_0543,development,radino_crop_m0.10_clahe0_bin,0.08282813608634974,1.37,0.18,0.83,NOT_TB,False,NOT_TB,False,True,True,0
dev_0544,development,radino_crop_m0.10_clahe0_bin,0.2732300412635385,1.37,0.18,0.83,REFER,False,REFER,True,True,True,0
dev_0545,development,radino_crop_m0.10_clahe0_bin,0.5486458763870367,1.37,0.18,0.83,REFER,False,REFER,True,True,True,0
dev_0546,development,radino_crop_m0.10_clahe0_bin,0.03583585381026687,1.37,0.18,0.83,NOT_TB,True,REFER,True,True,True,1
dev_0547,development,radino_crop_m0.10_clahe0_bin,0.09026227973514175,1.37,0.18,0.83,NOT_TB,False,NOT_TB,False,True,True,0
dev_0548,development,radino_crop_m0.10_clahe0_bin,0.7026883414929479,1.37,0.18,0.83,REFER,False,REFER,True,True,True,0
dev_0549,development,radino_crop_m0.10_clahe0_bin,0.01677778212073729,1.37,0.18,0.83,NOT_TB,False,NOT_TB,False,True,True,0
dev_0550,development,radino_crop_m0.10_clahe0_bin,0.1498297589308281,1.37,0.18,0.83,NOT_TB,False,NOT_TB,False,True,True,0
dev_0551,development,radino_crop_m0.10_clahe0_bin,0.15585847605723083,1.37,0.18,0.83,NOT_TB,False,NOT_TB,False,True,True,0
dev_0552,development,radino_crop_m0.10_clahe0_bin,0.44341372456867456,1.37,0.18,0.83,REFER,False,REFER,True,True,True,0
dev_0553,development,radino_crop_m0.10_clahe0_bin,0.13813987119927806,1.37,0.18,0.83,NOT_TB,True,REFER,True,True,True,2
dev_0554,development,radino_crop_m0.10_clahe0_bin,0.34625176140249797,1.37,0.18,0.83,REFER,False,REFER,True,True,True,1
dev_0555,development,radino_crop_m0.10_clahe0_bin,0.198744971579693,1.37,0.18,0.83,REFER,False,REFER,True,True,True,0
dev_0556,development,radino_crop_m0.10_clahe0_bin,0.1460739353252626,1.37,0.18,0.83,NOT_TB,False,NOT_TB,False,True,True,0
dev_0557,development,radino_crop_m0.10_clahe0_bin,0.4398429931394118,1.37,0.18,0.83,REFER,False,REFER,True,True,True,0
dev_0558,development,radino_crop_m0.10_clahe0_bin,0.211444412234481,1.37,0.18,0.83,REFER,False,REFER,True,True,True,1
dev_0559,development,radino_crop_m0.10_clahe0_bin,0.10934747028138092,1.37,0.18,0.83,NOT_TB,True,REFER,True,True,True,1
dev_0560,development,radino_crop_m0.10_clahe0_bin,0.17072352747648012,1.37,0.18,0.83,NOT_TB,False,NOT_TB,False,True,True,0
dev_0561,development,radino_crop_m0.10_clahe0_bin,0.6474881314588593,1.37,0.18,0.83,REFER,False,REFER,True,True,True,1
dev_0562,development,radino_crop_m0.10_clahe0_bin,0.3127168585541823,1.37,0.18,0.83,REFER,False,REFER,True,True,True,0
dev_0563,development,radino_crop_m0.10_clahe0_bin,0.2943449633346998,1.37,0.18,0.83,REFER,False,REFER,True,True,True,0
dev_0564,development,radino_crop_m0.10_clahe0_bin,0.38531735860714966,1.37,0.18,0.83,REFER,False,REFER,True,True,True,0
dev_0565,development,radino_crop_m0.10_clahe0_bin,0.29934028057369794,1.37,0.18,0.83,REFER,False,REFER,True,True,True,0
dev_0566,development,radino_crop_m0.10_clahe0_bin,0.06545836865752691,1.37,0.18,0.83,NOT_TB,False,NOT_TB,False,True,True,0
dev_0567,development,radino_crop_m0.10_clahe0_bin,0.28197597022625753,1.37,0.18,0.83,REFER,False,REFER,True,True,True,0
dev_0568,development,radino_crop_m0.10_clahe0_bin,0.36363106857486444,1.37,0.18,0.83,REFER,False,REFER,True,True,True,0
dev_0569,development,radino_crop_m0.10_clahe0_bin,0.12700981696648167,1.37,0.18,0.83,NOT_TB,False,NOT_TB,False,True,True,0
dev_0570,development,radino_crop_m0.10_clahe0_bin,0.14145320999620548,1.37,0.18,0.83,NOT_TB,False,NOT_TB,False,True,True,0
dev_0571,development,radino_crop_m0.10_clahe0_bin,0.07047168831979365,1.37,0.18,0.83,NOT_TB,True,REFER,True,True,True,2
dev_0572,development,radino_crop_m0.10_clahe0_bin,0.40175123523255546,1.37,0.18,0.83,REFER,False,REFER,True,True,True,2
dev_0573,development,radino_crop_m0.10_clahe0_bin,0.6977391320585643,1.37,0.18,0.83,REFER,False,REFER,True,True,True,1
dev_0574,development,radino_crop_m0.10_clahe0_bin,0.15757810077990828,1.37,0.18,0.83,NOT_TB,False,NOT_TB,False,True,True,0
dev_0575,development,radino_crop_m0.10_clahe0_bin,0.2949259982634884,1.37,0.18,0.83,REFER,False,REFER,True,True,True,0
dev_0576,development,radino_crop_m0.10_clahe0_bin,0.06967984680432854,1.37,0.18,0.83,NOT_TB,False,NOT_TB,False,True,True,0
dev_0577,development,radino_crop_m0.10_clahe0_bin,0.3250355213850153,1.37,0.18,0.83,REFER,False,REFER,True,True,True,0
dev_0578,development,radino_crop_m0.10_clahe0_bin,0.07231707030768096,1.37,0.18,0.83,NOT_TB,False,NOT_TB,False,True,True,0
dev_0579,development,radino_crop_m0.10_clahe0_bin,0.36773041920419375,1.37,0.18,0.83,REFER,False,REFER,True,True,True,2
dev_0580,development,radino_crop_m0.10_clahe0_bin,0.13975802893419134,1.37,0.18,0.83,NOT_TB,True,REFER,True,True,True,1
dev_0581,development,radino_crop_m0.10_clahe0_bin,0.18184705798965733,1.37,0.18,0.83,REFER,False,REFER,True,True,True,0
dev_0582,development,radino_crop_m0.10_clahe0_bin,0.41331208903543354,1.37,0.18,0.83,REFER,False,REFER,True,True,True,2
dev_0583,development,radino_crop_m0.10_clahe0_bin,0.09539706491288069,1.37,0.18,0.83,NOT_TB,False,NOT_TB,False,True,True,0
dev_0584,development,radino_crop_m0.10_clahe0_bin,0.24556403111151603,1.37,0.18,0.83,REFER,False,REFER,True,True,True,0
dev_0585,development,radino_crop_m0.10_clahe0_bin,0.18191878366877307,1.37,0.18,0.83,REFER,False,REFER,True,True,True,0
dev_0586,development,radino_crop_m0.10_clahe0_bin,0.17106467124216113,1.37,0.18,0.83,NOT_TB,True,REFER,True,True,True,1
dev_0587,development,radino_crop_m0.10_clahe0_bin,0.2911204421142918,1.37,0.18,0.83,REFER,False,REFER,True,True,True,2
dev_0588,development,radino_crop_m0.10_clahe0_bin,0.4694069871372677,1.37,0.18,0.83,REFER,False,REFER,True,True,True,0
dev_0589,development,radino_crop_m0.10_clahe0_bin,0.10030917448877953,1.37,0.18,0.83,NOT_TB,False,NOT_TB,False,True,True,0
dev_0590,development,radino_crop_m0.10_clahe0_bin,0.2762677106564144,1.37,0.18,0.83,REFER,False,REFER,True,True,True,0
dev_0591,development,radino_crop_m0.10_clahe0_bin,0.22549497733647614,1.37,0.18,0.83,REFER,False,REFER,True,True,True,0
dev_0592,development,radino_crop_m0.10_clahe0_bin,0.082264141244213,1.37,0.18,0.83,NOT_TB,False,NOT_TB,False,True,True,0
dev_0593,development,radino_crop_m0.10_clahe0_bin,0.494846206451785,1.37,0.18,0.83,REFER,False,REFER,True,True,True,0
dev_0594,development,radino_crop_m0.10_clahe0_bin,0.18105016876952962,1.37,0.18,0.83,REFER,False,REFER,True,True,True,0
dev_0595,development,radino_crop_m0.10_clahe0_bin,0.5756813157468837,1.37,0.18,0.83,REFER,False,REFER,True,True,True,0
dev_0596,development,radino_crop_m0.10_clahe0_bin,0.17779573964917264,1.37,0.18,0.83,NOT_TB,True,REFER,True,True,True,2
dev_0597,development,radino_crop_m0.10_clahe0_bin,0.5019144575878398,1.37,0.18,0.83,REFER,False,REFER,True,True,True,0
dev_0598,development,radino_crop_m0.10_clahe0_bin,0.21684291382447646,1.37,0.18,0.83,REFER,False,REFER,True,True,True,0
dev_0599,development,radino_crop_m0.10_clahe0_bin,0.6225840158157304,1.37,0.18,0.83,REFER,False,REFER,True,True,True,0
dev_0600,development,radino_crop_m0.10_clahe0_bin,0.01018390107150374,1.37,0.18,0.83,NOT_TB,False,NOT_TB,False,True,True,0
dev_0601,development,radino_crop_m0.10_clahe0_bin,0.7006234975913737,1.37,0.18,0.83,REFER,False,REFER,True,True,True,0
dev_0602,development,radino_crop_m0.10_clahe0_bin,0.43751033326179656,1.37,0.18,0.83,REFER,False,REFER,True,True,True,1
dev_0603,development,radino_crop_m0.10_clahe0_bin,0.28147836333152954,1.37,0.18,0.83,REFER,False,REFER,True,True,True,0
dev_0604,development,radino_crop_m0.10_clahe0_bin,0.19097624446401157,1.37,0.18,0.83,REFER,False,REFER,True,True,True,0
dev_0605,development,radino_crop_m0.10_clahe0_bin,0.31454567959969687,1.37,0.18,0.83,REFER,False,REFER,True,True,True,0
dev_0606,development,radino_crop_m0.10_clahe0_bin,0.2661275529229738,1.37,0.18,0.83,REFER,False,REFER,True,True,True,0
dev_0607,development,radino_crop_m0.10_clahe0_bin,0.39059212098722934,1.37,0.18,0.83,REFER,False,REFER,True,True,True,0
dev_0608,development,radino_crop_m0.10_clahe0_bin,0.6070943544683288,1.37,0.18,0.83,REFER,False,REFER,True,True,True,0
dev_0609,development,radino_crop_m0.10_clahe0_bin,0.17373495201573788,1.37,0.18,0.83,NOT_TB,False,NOT_TB,False,True,True,0
dev_0610,development,radino_crop_m0.10_clahe0_bin,0.3134317111466648,1.37,0.18,0.83,REFER,False,REFER,True,True,True,0
dev_0611,development,radino_crop_m0.10_clahe0_bin,0.11457839684810633,1.37,0.18,0.83,NOT_TB,True,REFER,True,True,True,1
dev_0612,development,radino_crop_m0.10_clahe0_bin,0.1462078652614195,1.37,0.18,0.83,NOT_TB,True,REFER,True,True,True,1
dev_0613,development,radino_crop_m0.10_clahe0_bin,0.17653549048363526,1.37,0.18,0.83,NOT_TB,False,NOT_TB,False,True,True,0
dev_0614,development,radino_crop_m0.10_clahe0_bin,0.3737586211542963,1.37,0.18,0.83,REFER,False,REFER,True,True,True,0
dev_0615,development,radino_crop_m0.10_clahe0_bin,0.2347567699657689,1.37,0.18,0.83,REFER,False,REFER,True,True,True,1
dev_0616,development,radino_crop_m0.10_clahe0_bin,0.2719143920495256,1.37,0.18,0.83,REFER,False,REFER,True,True,True,1
dev_0617,development,radino_crop_m0.10_clahe0_bin,0.8026472061300047,1.37,0.18,0.83,REFER,False,REFER,True,True,True,1
dev_0618,development,radino_crop_m0.10_clahe0_bin,0.2182454161193724,1.37,0.18,0.83,REFER,False,REFER,True,True,True,1
dev_0619,development,radino_crop_m0.10_clahe0_bin,0.08623865561555755,1.37,0.18,0.83,NOT_TB,False,NOT_TB,False,True,True,0
dev_0620,development,radino_crop_m0.10_clahe0_bin,0.3735992037308031,1.37,0.18,0.83,REFER,False,REFER,True,True,True,2
dev_0621,development,radino_crop_m0.10_clahe0_bin,0.25814096433792444,1.37,0.18,0.83,REFER,False,REFER,True,True,True,1
dev_0622,development,radino_crop_m0.10_clahe0_bin,0.45677548811265417,1.37,0.18,0.83,REFER,False,REFER,True,True,True,0
dev_0623,development,radino_crop_m0.10_clahe0_bin,0.30480617429465157,1.37,0.18,0.83,REFER,False,REFER,True,True,True,0
dev_0624,development,radino_crop_m0.10_clahe0_bin,0.2994119430095641,1.37,0.18,0.83,REFER,False,REFER,True,True,True,0
dev_0625,development,radino_crop_m0.10_clahe0_bin,0.40148931113928094,1.37,0.18,0.83,REFER,False,REFER,True,True,True,0
dev_0626,development,radino_crop_m0.10_clahe0_bin,0.5157324043736665,1.37,0.18,0.83,REFER,False,REFER,True,True,True,0
dev_0627,development,radino_crop_m0.10_clahe0_bin,0.4559733057704136,1.37,0.18,0.83,REFER,False,REFER,True,True,True,1
dev_0628,development,radino_crop_m0.10_clahe0_bin,0.17123266880964116,1.37,0.18,0.83,NOT_TB,False,NOT_TB,False,True,True,0
dev_0629,development,radino_crop_m0.10_clahe0_bin,0.27529737330953713,1.37,0.18,0.83,REFER,False,REFER,True,True,True,0
dev_0630,development,radino_crop_m0.10_clahe0_bin,0.3025909231656231,1.37,0.18,0.83,REFER,False,REFER,True,True,True,0
dev_0631,development,radino_crop_m0.10_clahe0_bin,0.1645150436779785,1.37,0.18,0.83,NOT_TB,False,NOT_TB,False,True,True,0
dev_0632,development,radino_crop_m0.10_clahe0_bin,0.20192768602455832,1.37,0.18,0.83,REFER,False,REFER,True,True,True,0
dev_0633,development,radino_crop_m0.10_clahe0_bin,0.42104912026165964,1.37,0.18,0.83,REFER,False,REFER,True,True,True,0
dev_0634,development,radino_crop_m0.10_clahe0_bin,0.2992034268204359,1.37,0.18,0.83,REFER,False,REFER,True,True,True,0
dev_0635,development,radino_crop_m0.10_clahe0_bin,0.3106728773710119,1.37,0.18,0.83,REFER,False,REFER,True,True,True,0
dev_0636,development,radino_crop_m0.10_clahe0_bin,0.3632014417713599,1.37,0.18,0.83,REFER,False,REFER,True,True,True,0
dev_0637,development,radino_crop_m0.10_clahe0_bin,0.33670722575830525,1.37,0.18,0.83,REFER,False,REFER,True,True,True,0
dev_0638,development,radino_crop_m0.10_clahe0_bin,0.46885879440543515,1.37,0.18,0.83,REFER,False,REFER,True,True,True,2
dev_0639,development,radino_crop_m0.10_clahe0_bin,0.6579079220849742,1.37,0.18,0.83,REFER,False,REFER,True,True,True,0
dev_0640,development,radino_crop_m0.10_clahe0_bin,0.059152611532655025,1.37,0.18,0.83,NOT_TB,False,NOT_TB,False,True,True,0
dev_0641,development,radino_crop_m0.10_clahe0_bin,0.24848189121950748,1.37,0.18,0.83,REFER,False,REFER,True,True,True,0
dev_0642,development,radino_crop_m0.10_clahe0_bin,0.09207144399630371,1.37,0.18,0.83,NOT_TB,True,REFER,True,True,True,1
dev_0643,development,radino_crop_m0.10_clahe0_bin,0.1209970938204561,1.37,0.18,0.83,NOT_TB,True,REFER,True,True,True,2
dev_0644,development,radino_crop_m0.10_clahe0_bin,0.07281871840096532,1.37,0.18,0.83,NOT_TB,False,NOT_TB,False,True,True,0
dev_0645,development,radino_crop_m0.10_clahe0_bin,0.20014508514662618,1.37,0.18,0.83,REFER,False,REFER,True,True,True,0
dev_0646,development,radino_crop_m0.10_clahe0_bin,0.36473564862581914,1.37,0.18,0.83,REFER,False,REFER,True,True,True,0
dev_0647,development,radino_crop_m0.10_clahe0_bin,0.31938572485352684,1.37,0.18,0.83,REFER,False,REFER,True,True,True,1
dev_0648,development,radino_crop_m0.10_clahe0_bin,0.23400758725427065,1.37,0.18,0.83,REFER,False,REFER,True,True,True,0
dev_0649,development,radino_crop_m0.10_clahe0_bin,0.46084778813731714,1.37,0.18,0.83,REFER,False,REFER,True,True,True,2
dev_0650,development,radino_crop_m0.10_clahe0_bin,0.09036404427419291,1.37,0.18,0.83,NOT_TB,False,NOT_TB,False,True,True,0
dev_0651,development,radino_crop_m0.10_clahe0_bin,0.10275807109211632,1.37,0.18,0.83,NOT_TB,False,NOT_TB,False,True,True,0
dev_0652,development,radino_crop_m0.10_clahe0_bin,0.3005237314136583,1.37,0.18,0.83,REFER,False,REFER,True,True,True,0
dev_0653,development,radino_crop_m0.10_clahe0_bin,0.11501279764176489,1.37,0.18,0.83,NOT_TB,False,NOT_TB,False,True,True,0
dev_0654,development,radino_crop_m0.10_clahe0_bin,0.2848039795385173,1.37,0.18,0.83,REFER,False,REFER,True,True,True,0
dev_0655,development,radino_crop_m0.10_clahe0_bin,0.41304249342473154,1.37,0.18,0.83,REFER,False,REFER,True,True,True,0
dev_0656,development,radino_crop_m0.10_clahe0_bin,0.05458477613530661,1.37,0.18,0.83,NOT_TB,False,NOT_TB,False,True,True,0
dev_0657,development,radino_crop_m0.10_clahe0_bin,0.3261625732945441,1.37,0.18,0.83,REFER,False,REFER,True,True,True,0
dev_0658,development,radino_crop_m0.10_clahe0_bin,0.27318867528542323,1.37,0.18,0.83,REFER,False,REFER,True,True,True,0
dev_0659,development,radino_crop_m0.10_clahe0_bin,0.292311867348658,1.37,0.18,0.83,REFER,False,REFER,True,True,True,0
